5.204484532394097773e-05
5.394091086100559551e-06
5.929692008784152582e-07
8.450758286584741564e-09
6.893243925185057178e-08
2.008028078890223453e-07
6.893257005307676646e-08
6.893257005307676646e-08
6.893243925185057178e-08
2.008031889179508819e-07
3.985336542478458217e-10
6.893243925185057178e-08
2.397977646784667917e-08
3.016027385420103744e-09
2.397977646784667917e-08
8.450715752044444963e-09
8.450715752044444963e-09
8.450758286584741564e-09
1.089763507542404308e-09
6.893231132561585102e-08
2.008028078890223453e-07
6.893231132561585102e-08
6.893231132561585102e-08
2.397973293312508907e-08
1.089765439645078725e-09
6.893243925185057178e-08
8.450758286584741564e-09
8.450758286584741564e-09
8.450715752044444963e-09
1.089765439645078725e-09
1.089765439645078725e-09
1.089765439645078725e-09
8.450715752044444963e-09
3.016027385420103744e-09
3.016027385420103744e-09
3.016027385420103744e-09
1.089765439645078725e-09
1.089765439645078725e-09
1.089765439645078725e-09
3.016027385420103744e-09
3.016021923150519159e-09
1.089763507542404308e-09
6.893257005307676646e-08
3.016027385420103744e-09
8.450715752044444963e-09
5.929672124267755850e-07
2.397977646784667917e-08
1.089765439645078725e-09
6.893218618062609456e-08
2.008031889179508819e-07
2.008031889179508819e-07
1.662897061962708198e-05
2.008031889179508819e-07
2.008031889179508819e-07
6.893243925185057178e-08
1.775658492777292267e-06
5.394059574277929137e-06
1.775667825541242687e-06
2.008031889179508819e-07
2.008031889179508819e-07
2.008021335129048993e-07
2.397977646784667917e-08
1.654355343634544091e-04
5.204484532394097773e-05
1.654353386720854838e-04
1.754341989502378012e-03
1.654362926000246467e-04
2.397988424685963592e-08
1.654359455731005770e-04
5.343322941448096306e-04
1.775665327895086510e-06
1.775665327895086510e-06
5.394091086100559551e-06
1.654362926000246467e-04
5.394061422792672680e-06
5.204473615222726213e-05
5.204473615222726213e-05
5.394091086100559551e-06
1.775661871050632100e-06
5.929660842810966493e-07
5.929672124267755850e-07
5.929660842810966493e-07
2.008028078890223453e-07
6.893243925185057178e-08
1.775665327895086510e-06
5.394069836728578785e-06
1.775661871050632100e-06
2.008031889179508819e-07
1.775665327895086510e-06
5.929660842810966493e-07
5.394091086100559551e-06
1.662891230790467778e-05
5.929660842810966493e-07
5.929672124267755850e-07
6.893243925185057178e-08
5.929660842810966493e-07
2.397977646784667917e-08
5.394091086100559551e-06
1.775665327895086510e-06
5.394091086100559551e-06
1.775661871050632100e-06
2.008031889179508819e-07
2.008031889179508819e-07
1.775661871050632100e-06
1.662897061962708198e-05
1.775665327895086510e-06
5.394069836728578785e-06
2.008028078890223453e-07
2.008031889179508819e-07
2.008021335129048993e-07
2.008021335129048993e-07
2.397977646784667917e-08
8.450715752044444963e-09
6.893231132561585102e-08
2.397977646784667917e-08
6.893243925185057178e-08
5.929660842810966493e-07
2.397977646784667917e-08
1.775661871050632100e-06
5.929672124267755850e-07
1.775665327895086510e-06
6.893243925185057178e-08
2.008028078890223453e-07
6.893243925185057178e-08
5.929669752627033846e-07
3.985336542478458217e-10
3.985336542478458217e-10
8.450727998809438964e-09
1.089765439645078725e-09
3.985336542478458217e-10
1.089763507542404308e-09
3.985336542478458217e-10
3.985336542478458217e-10
2.008031889179508819e-07
5.394059574277929137e-06
5.929660842810966493e-07
5.394091086100559551e-06
5.929672124267755850e-07
6.893218618062609456e-08
5.929658987450385779e-07
1.775658492777292267e-06
1.775665327895086510e-06
2.008031889179508819e-07
2.397977646784667917e-08
2.008031889179508819e-07
5.929660842810966493e-07
6.893243925185057178e-08
6.893243925185057178e-08
1.662894553853559159e-05
1.775665327895086510e-06
3.016027385420103744e-09
2.008031889179508819e-07
2.008031889179508819e-07
5.929660842810966493e-07
1.775664456168416008e-06
1.775665327895086510e-06
1.662897061962708198e-05
1.654361860793880157e-04
1.775658492777292267e-06
5.929660842810966493e-07
5.394069836728578785e-06
8.450758286584741564e-09
5.204481181345209931e-05
5.204481181345209931e-05
5.204462961138548013e-05
1.662900375449975559e-05
1.662897061962708198e-05
5.204462961138548013e-05
5.204462961138548013e-05
5.204452560744406186e-05
5.394091086100559551e-06
1.662900375449975559e-05
5.394080337860976681e-06
5.394069836728578785e-06
1.662891230790467778e-05
1.662897061962708198e-05
5.394091086100559551e-06
1.662900375449975559e-05
5.343295571554380506e-04
5.394069836728578785e-06
1.662891230790467778e-05
5.394091086100559551e-06
5.394080337860976681e-06
1.775665327895086510e-06
1.775661871050632100e-06
5.343295571554380506e-04
5.204473615222726213e-05
5.204473615222726213e-05
5.394091086100559551e-06
5.204462961138548013e-05
1.662891230790467778e-05
1.662891230790467778e-05
1.662900375449975559e-05
1.662897061962708198e-05
1.662897061962708198e-05
5.929660842810966493e-07
1.775661871050632100e-06
5.929660842810966493e-07
1.775661871050632100e-06
1.775661871050632100e-06
1.775661871050632100e-06
5.394059574277929137e-06
5.394077689747578162e-06
5.204462961138548013e-05
5.204462961138548013e-05
1.654359455731005770e-04
1.662893824654192594e-05
5.343295571554380506e-04
1.662897061962708198e-05
5.204462961138548013e-05
1.662900375449975559e-05
5.204462961138548013e-05
5.204452560744406186e-05
5.394069836728578785e-06
1.662897061962708198e-05
1.662897061962708198e-05
5.394091086100559551e-06
5.394091086100559551e-06
5.394091086100559551e-06
1.654356069089685472e-04
5.204462961138548013e-05
1.662897061962708198e-05
1.662897061962708198e-05
1.662897061962708198e-05
5.343315173481830421e-04
5.343295571554380506e-04
5.394091086100559551e-06
5.204462961138548013e-05
1.662900375449975559e-05
1.662900375449975559e-05
5.204452560744406186e-05
5.204470810921398385e-05
5.204452560744406186e-05
1.654356069089685472e-04
5.343295571554380506e-04
5.343295571554380506e-04
1.654361860793880157e-04
1.654355343634544091e-04
5.204481181345209931e-05
5.204481181345209931e-05
1.654362926000246467e-04
1.662891230790467778e-05
1.654359455731005770e-04
5.204462961138548013e-05
1.662897061962708198e-05
1.662897061962708198e-05
5.204462961138548013e-05
5.204460678918605471e-05
1.775658492777292267e-06
1.654362926000246467e-04
1.662891230790467778e-05
5.394091086100559551e-06
1.775661871050632100e-06
1.662897061962708198e-05
1.662897061962708198e-05
5.394091086100559551e-06
5.394069836728578785e-06
1.662897061962708198e-05
1.662899400989414759e-05
1.662899400989414759e-05
5.394087925160131452e-06
1.775661871050632100e-06
5.394069836728578785e-06
5.394069836728578785e-06
1.662897061962708198e-05
1.662893824654192594e-05
5.394069836728578785e-06
5.394069836728578785e-06
5.204460678918605471e-05
1.662896245597409405e-05
2.008028078890223453e-07
6.893231132561585102e-08
5.929660842810966493e-07
5.929660842810966493e-07
1.775661871050632100e-06
1.775661871050632100e-06
5.929660842810966493e-07
1.775665327895086510e-06
5.343326381893778558e-04
5.204481181345209931e-05
5.204462961138548013e-05
5.204462961138548013e-05
5.343304235174624892e-04
5.204452560744406186e-05
1.654361860793880157e-04
5.204452560744406186e-05
1.754333948907220442e-03
5.343319810258135129e-04
5.204462961138548013e-05
5.343306815555691047e-04
1.654362926000246467e-04
1.654359455731005770e-04
5.204473615222726213e-05
5.394080337860976681e-06
1.662891230790467778e-05
5.929660842810966493e-07
5.394077689747578162e-06
1.775664456168416008e-06
1.775661871050632100e-06
1.662897061962708198e-05
6.893231132561585102e-08
5.929660842810966493e-07
8.450715752044444963e-09
1.775664456168416008e-06
1.775658492777292267e-06
5.394091086100559551e-06
5.394091086100559551e-06
1.654359455731005770e-04
5.394080337860976681e-06
5.204462961138548013e-05
5.394080337860976681e-06
1.775661871050632100e-06
1.775658492777292267e-06
5.394091086100559551e-06
5.394091086100559551e-06
5.204468255892918201e-05
1.775661871050632100e-06
1.662900375449975559e-05
1.775658492777292267e-06
1.775661871050632100e-06
1.654362926000246467e-04
5.204462961138548013e-05
5.204481181345209931e-05
5.343295571554380506e-04
5.204462961138548013e-05
1.775658492777292267e-06
1.662897061962708198e-05
1.662900375449975559e-05
1.662900375449975559e-05
5.204452560744406186e-05
5.204452560744406186e-05
5.204462961138548013e-05
5.204462961138548013e-05
5.204470810921398385e-05
1.654358564320507566e-04
1.662890660926924285e-05
1.754341989502378012e-03
5.394077689747578162e-06
2.008028078890223453e-07
5.394067679307559269e-06
1.775667825541242687e-06
5.394069836728578785e-06
1.662893824654192594e-05
5.204470810921398385e-05
5.394069836728578785e-06
1.662897061962708198e-05
5.394069836728578785e-06
1.654361860793880157e-04
1.654361860793880157e-04
1.754333948907220442e-03
5.204450777207561226e-05
5.204450777207561226e-05
5.204450777207561226e-05
5.343312294369176839e-04
1.654360891336893952e-04
1.654352196152202600e-04
1.654355343634544091e-04
1.654352196152202600e-04
5.204470810921398385e-05
5.394069836728578785e-06
1.662897061962708198e-05
1.662899400989414759e-05
5.204450777207561226e-05
5.204450777207561226e-05
1.775661160853997602e-06
5.929692008784152582e-07
1.775661871050632100e-06
5.394077689747578162e-06
2.008020706829543435e-07
5.929692008784152582e-07
8.450758286584741564e-09
6.893231132561585102e-08
5.343301892071116365e-04
1.662893824654192594e-05
5.929680757049543939e-07
1.775661871050632100e-06
1.654352196152202600e-04
5.929660842810966493e-07
1.775661871050632100e-06
5.394069836728578785e-06
3.985336542478458217e-10
5.204450777207561226e-05
5.929692008784152582e-07
5.929692008784152582e-07
5.929658987450385779e-07
1.775664456168416008e-06
6.893231132561585102e-08
5.204462961138548013e-05
5.394091086100559551e-06
1.662891230790467778e-05
5.204473615222726213e-05
1.662893824654192594e-05
5.929660842810966493e-07
5.929660842810966493e-07
5.394080337860976681e-06
1.662900375449975559e-05
1.775665327895086510e-06
1.775661871050632100e-06
5.343315173481830421e-04
1.662891230790467778e-05
1.662897061962708198e-05
5.394080337860976681e-06
5.343306815555691047e-04
1.662894553853559159e-05
1.654362926000246467e-04
5.204452560744406186e-05
1.775661871050632100e-06
5.394069836728578785e-06
5.204473615222726213e-05
1.654362926000246467e-04
5.204473615222726213e-05
1.775661871050632100e-06
5.929660842810966493e-07
1.662891230790467778e-05
5.394087925160131452e-06
1.775658492777292267e-06
5.394069836728578785e-06
1.775661871050632100e-06
5.394080337860976681e-06
5.394080337860976681e-06
1.654359455731005770e-04
1.654356069089685472e-04
5.204470810921398385e-05
5.204450777207561226e-05
1.662897061962708198e-05
6.893218618062609456e-08
3.985336542478458217e-10
1.089768804732314638e-09
3.985336542478458217e-10
2.008020706829543435e-07
3.985336542478458217e-10
8.450731094148483996e-09
8.450731094148483996e-09
2.397982097009021397e-08
8.450746777217210283e-09
2.397982097009021397e-08
3.985336542478458217e-10
3.985336542478458217e-10
2.397982097009021397e-08
3.016012205085349747e-09
2.397982097009021397e-08
3.016012205085349747e-09
3.985336542478458217e-10
1.662896245597409405e-05
5.394087925160131452e-06
6.893231132561585102e-08
1.775661160853997602e-06
8.450731094148483996e-09
2.397982097009021397e-08
1.654356069089685472e-04
1.662900375449975559e-05
1.754338309512265461e-03
1.754341989502378012e-03
6.893257005307676646e-08
8.450731094148483996e-09
3.016012205085349747e-09
2.397977646784667917e-08
3.016012205085349747e-09
2.008021335129048993e-07
3.985336542478458217e-10
3.985336542478458217e-10
2.397982097009021397e-08
2.008021335129048993e-07
6.893220774916156708e-08
3.985336542478458217e-10
2.397982097009021397e-08
1.089767413301965928e-09
8.450731094148483996e-09
3.985336542478458217e-10
2.008021335129048993e-07
2.397982097009021397e-08
5.929692008784152582e-07
1.775661871050632100e-06
8.450731094148483996e-09
8.450742981578287241e-09
8.450731094148483996e-09
3.016012205085349747e-09
2.008028078890223453e-07
2.008025155483565461e-07
1.775665327895086510e-06
3.016021923150519159e-09
1.662891230790467778e-05
5.204452560744406186e-05
1.662891230790467778e-05
5.204462961138548013e-05
8.450742981578287241e-09
3.985336542478458217e-10
3.985336542478458217e-10
2.008020706829543435e-07
5.929680757049543939e-07
6.893243925185057178e-08
1.662890660926924285e-05
2.008031889179508819e-07
2.008031889179508819e-07
3.985336542478458217e-10
3.016031236325910755e-09
3.985336542478458217e-10
3.985336542478458217e-10
3.985336542478458217e-10
3.985336542478458217e-10
3.985336542478458217e-10
1.654353386720854838e-04
1.662900375449975559e-05
5.394069836728578785e-06
1.775665327895086510e-06
1.775661871050632100e-06
1.775665327895086510e-06
1.775661871050632100e-06
1.775661871050632100e-06
1.775665327895086510e-06
1.775668866084202626e-06
1.775665327895086510e-06
5.394072202094466527e-06
1.662891230790467778e-05
2.397977646784667917e-08
2.008031889179508819e-07
1.775661871050632100e-06
5.929660842810966493e-07
5.929660842810966493e-07
5.929660842810966493e-07
5.929660842810966493e-07
1.775661871050632100e-06
2.008031889179508819e-07
5.929660842810966493e-07
5.929660842810966493e-07
5.929672124267755850e-07
1.775668866084202626e-06
1.775668866084202626e-06
5.929672124267755850e-07
1.662894553853559159e-05
1.775661871050632100e-06
5.929672124267755850e-07
5.929683668106779727e-07
5.929683668106779727e-07
5.929672124267755850e-07
5.929683668106779727e-07
5.929695483589060148e-07
1.775665327895086510e-06
1.775665327895086510e-06
5.204473615222726213e-05
2.008021335129048993e-07
2.008021335129048993e-07
1.775665327895086510e-06
6.893257005307676646e-08
5.929695483589060148e-07
1.775661871050632100e-06
5.929672124267755850e-07
1.775665327895086510e-06
5.929660842810966493e-07
5.929683668106779727e-07
1.775661871050632100e-06
5.929660842810966493e-07
1.775665327895086510e-06
5.394061422792672680e-06
5.394080337860976681e-06
1.775661871050632100e-06
1.775661871050632100e-06
1.775665327895086510e-06
1.775665327895086510e-06
5.929672124267755850e-07
1.775665327895086510e-06
5.929683668106779727e-07
5.929660842810966493e-07
1.775665327895086510e-06
2.008031889179508819e-07
1.775661871050632100e-06
5.929683668106779727e-07
5.204484532394097773e-05
1.775661871050632100e-06
2.008025155483565461e-07
1.775665327895086510e-06
5.929660842810966493e-07
1.775661871050632100e-06
1.775665327895086510e-06
5.929660842810966493e-07
5.929660842810966493e-07
2.008031889179508819e-07
2.008031889179508819e-07
1.775661871050632100e-06
1.775665327895086510e-06
1.775665327895086510e-06
5.343322941448096306e-04
5.204481181345209931e-05
1.654362926000246467e-04
1.754341989502378012e-03
1.654362926000246467e-04
1.654352196152202600e-04
5.343301892071116365e-04
5.343291726208660060e-04
5.204450777207561226e-05
5.204481181345209931e-05
1.654356069089685472e-04
5.343293557325540363e-04
5.343293557325540363e-04
5.204470810921398385e-05
1.654355343634544091e-04
5.394059574277929137e-06
1.654352763089471487e-04
5.204450777207561226e-05
1.662893824654192594e-05
5.343322941448096306e-04
5.343312294369176839e-04
1.754331212410688030e-03
1.654358564320507566e-04
1.754331212410688030e-03
1.754341989502378012e-03
1.754341989502378012e-03
1.754341989502378012e-03
1.754341989502378012e-03
1.662897061962708198e-05
5.343322941448096306e-04
1.754337364230644904e-03
1.754331212410688030e-03
1.754331212410688030e-03
1.754331212410688030e-03
1.754331212410688030e-03
5.343315173481830421e-04
1.754331212410688030e-03
1.754341989502378012e-03
5.343322941448096306e-04
5.343322941448096306e-04
1.754331212410688030e-03
1.754341989502378012e-03
5.204452560744406186e-05
1.654352763089471487e-04
1.662900375449975559e-05
5.204452560744406186e-05
1.654358564320507566e-04
1.654352763089471487e-04
5.204450777207561226e-05
1.654352196152202600e-04
1.754337364230644904e-03
1.754340859921683839e-03
5.343293557325540363e-04
5.204470810921398385e-05
5.204460678918605471e-05
1.654361860793880157e-04
1.654361860793880157e-04
1.654352763089471487e-04
1.654358564320507566e-04
5.343322941448096306e-04
5.343322941448096306e-04
1.662893824654192594e-05
5.394059574277929137e-06
2.008021335129048993e-07
2.008031889179508819e-07
6.893231132561585102e-08
5.204473615222726213e-05
1.662894553853559159e-05
5.204473615222726213e-05
6.893233889590733725e-08
5.929683668106779727e-07
2.008028078890223453e-07
6.893243925185057178e-08
2.008028078890223453e-07
6.893231132561585102e-08
6.893218618062609456e-08
2.008031889179508819e-07
5.929680757049543939e-07
2.008028078890223453e-07
5.929692008784152582e-07
6.893243925185057178e-08
6.893243925185057178e-08
5.929680757049543939e-07
5.929680757049543939e-07
5.929680757049543939e-07
5.929680757049543939e-07
2.008028078890223453e-07
5.929692008784152582e-07
5.929692008784152582e-07
5.929692008784152582e-07
5.929692008784152582e-07
2.008028078890223453e-07
5.929692008784152582e-07
2.008028078890223453e-07
2.008028078890223453e-07
2.008024352350641268e-07
6.893231132561585102e-08
2.008028078890223453e-07
2.008028078890223453e-07
2.008028078890223453e-07
2.008028078890223453e-07
2.008028078890223453e-07
2.008028078890223453e-07
2.008028078890223453e-07
2.008028078890223453e-07
2.008028078890223453e-07
2.008028078890223453e-07
2.008028078890223453e-07
2.008028078890223453e-07
6.893231132561585102e-08
2.008028078890223453e-07
2.008028078890223453e-07
5.929692008784152582e-07
5.929692008784152582e-07
5.929692008784152582e-07
2.008028078890223453e-07
2.008028078890223453e-07
2.008028078890223453e-07
2.008028078890223453e-07
8.450731094148483996e-09
2.397982097009021397e-08
2.397982097009021397e-08
5.929680757049543939e-07
5.929680757049543939e-07
5.929680757049543939e-07
5.929680757049543939e-07
1.775667825541242687e-06
5.929680757049543939e-07
5.929680757049543939e-07
2.008028078890223453e-07
5.929680757049543939e-07
1.775664456168416008e-06
1.775667825541242687e-06
1.775667825541242687e-06
1.775667825541242687e-06
2.008031889179508819e-07
2.008028078890223453e-07
2.008028078890223453e-07
2.008028078890223453e-07
2.008028078890223453e-07
2.008028078890223453e-07
5.929692008784152582e-07
2.008028078890223453e-07
2.008028078890223453e-07
6.893257005307676646e-08
2.008028078890223453e-07
2.008028078890223453e-07
5.929692008784152582e-07
2.008028078890223453e-07
2.008024352350641268e-07
2.008028078890223453e-07
2.008028078890223453e-07
2.008028078890223453e-07
5.929680757049543939e-07
2.008024352350641268e-07
5.929692008784152582e-07
5.929692008784152582e-07
5.929692008784152582e-07
2.008028078890223453e-07
2.008028078890223453e-07
6.893231132561585102e-08
2.008028078890223453e-07
6.893231132561585102e-08
3.016016575885857328e-09
8.450758286584741564e-09
8.450758286584741564e-09
2.008024352350641268e-07
2.397982097009021397e-08
6.893257005307676646e-08
6.893243925185057178e-08
5.929692008784152582e-07
6.893243925185057178e-08
8.450758286584741564e-09
2.397973293312508907e-08
2.397973293312508907e-08
8.450758286584741564e-09
8.450758286584741564e-09
2.397985362904688394e-08
2.397973293312508907e-08
2.008028078890223453e-07
2.008028078890223453e-07
5.929692008784152582e-07
5.929680757049543939e-07
1.775664456168416008e-06
2.008028078890223453e-07
2.008028078890223453e-07
5.929680757049543939e-07
5.929680757049543939e-07
5.929680757049543939e-07
5.929680757049543939e-07
5.929680757049543939e-07
2.008028078890223453e-07
5.929680757049543939e-07
5.929680757049543939e-07
1.775667825541242687e-06
6.893231132561585102e-08
6.893231132561585102e-08
5.929680757049543939e-07
8.450758286584741564e-09
6.893218618062609456e-08
6.893231132561585102e-08
6.893231132561585102e-08
2.008028078890223453e-07
2.008024352350641268e-07
6.893231132561585102e-08
6.893231132561585102e-08
2.397973293312508907e-08
2.397973293312508907e-08
6.893231132561585102e-08
2.008028078890223453e-07
2.008028078890223453e-07
2.008028078890223453e-07
5.929680757049543939e-07
2.008028078890223453e-07
5.929680757049543939e-07
5.929680757049543939e-07
2.008028078890223453e-07
2.008028078890223453e-07
2.008028078890223453e-07
6.893231132561585102e-08
2.008028078890223453e-07
6.893231132561585102e-08
2.397973293312508907e-08
6.893231132561585102e-08
2.397977646784667917e-08
6.893231132561585102e-08
2.008028078890223453e-07
2.008028078890223453e-07
2.008028078890223453e-07
6.893231132561585102e-08
2.008024352350641268e-07
2.008028078890223453e-07
2.008028078890223453e-07
2.008028078890223453e-07
6.893231132561585102e-08
5.929680757049543939e-07
8.450742981578287241e-09
6.893231132561585102e-08
2.008028078890223453e-07
2.008028078890223453e-07
6.893231132561585102e-08
6.893231132561585102e-08
6.893231132561585102e-08
2.008028078890223453e-07
2.008028078890223453e-07
6.893231132561585102e-08
6.893231132561585102e-08
6.893231132561585102e-08
2.008028078890223453e-07
6.893231132561585102e-08
6.893231132561585102e-08
6.893231132561585102e-08
6.893231132561585102e-08
6.893231132561585102e-08
6.893231132561585102e-08
2.397973293312508907e-08
2.008024352350641268e-07
6.893231132561585102e-08
2.008028078890223453e-07
2.008028078890223453e-07
2.008028078890223453e-07
6.893231132561585102e-08
2.008028078890223453e-07
2.008028078890223453e-07
6.893231132561585102e-08
6.893231132561585102e-08
2.008028078890223453e-07
2.008028078890223453e-07
2.008028078890223453e-07
5.929692008784152582e-07
6.893243925185057178e-08
2.008028078890223453e-07
2.008028078890223453e-07
6.893231132561585102e-08
2.008021335129048993e-07
2.008028078890223453e-07
2.008028078890223453e-07
2.008028078890223453e-07
6.893243925185057178e-08
6.893243925185057178e-08
2.008028078890223453e-07
6.893231132561585102e-08
6.893231132561585102e-08
2.008028078890223453e-07
6.893243925185057178e-08
2.008021335129048993e-07
5.929692008784152582e-07
2.008021335129048993e-07
5.929680757049543939e-07
2.008021335129048993e-07
1.775661871050632100e-06
5.929660842810966493e-07
1.775665327895086510e-06
1.775668866084202626e-06
5.929672124267755850e-07
5.929692008784152582e-07
1.662894553853559159e-05
1.775664456168416008e-06
5.929692008784152582e-07
5.929692008784152582e-07
5.929680757049543939e-07
5.394069836728578785e-06
2.008028078890223453e-07
1.775661871050632100e-06
5.929660842810966493e-07
5.394091086100559551e-06
1.662897957973963095e-05
1.654356069089685472e-04
1.662891230790467778e-05
1.654352763089471487e-04
5.394080337860976681e-06
5.394069836728578785e-06
5.394080337860976681e-06
1.775661871050632100e-06
1.662897061962708198e-05
1.775658492777292267e-06
5.394069836728578785e-06
5.204452560744406186e-05
1.775665327895086510e-06
1.775667825541242687e-06
1.775661871050632100e-06
5.394059574277929137e-06
5.394080337860976681e-06
5.929692008784152582e-07
5.929680757049543939e-07
5.394080337860976681e-06
1.775658492777292267e-06
1.662900375449975559e-05
5.394080337860976681e-06
5.394069836728578785e-06
5.929680757049543939e-07
1.775667825541242687e-06
1.775658492777292267e-06
1.662900375449975559e-05
5.204452560744406186e-05
5.394069836728578785e-06
5.929680757049543939e-07
1.775664456168416008e-06
1.775664456168416008e-06
5.929692008784152582e-07
5.929680757049543939e-07
1.775664456168416008e-06
1.775664456168416008e-06
5.394069836728578785e-06
5.394059574277929137e-06
1.775667825541242687e-06
1.775667825541242687e-06
2.008028078890223453e-07
5.394059574277929137e-06
5.394069836728578785e-06
5.929660842810966493e-07
1.775661871050632100e-06
5.929680757049543939e-07
5.929692008784152582e-07
5.394069836728578785e-06
5.929692008784152582e-07
5.394069836728578785e-06
1.775661871050632100e-06
5.929692008784152582e-07
5.929692008784152582e-07
5.394069836728578785e-06
1.775664456168416008e-06
5.929680757049543939e-07
5.929680757049543939e-07
1.775664456168416008e-06
5.929680757049543939e-07
5.929680757049543939e-07
1.775658492777292267e-06
1.775667825541242687e-06
5.929672124267755850e-07
5.394080337860976681e-06
5.394080337860976681e-06
5.394069836728578785e-06
2.008028078890223453e-07
2.008028078890223453e-07
2.008028078890223453e-07
5.929680757049543939e-07
5.929680757049543939e-07
1.775667825541242687e-06
5.929692008784152582e-07
2.008028078890223453e-07
5.929680757049543939e-07
5.929680757049543939e-07
5.394080337860976681e-06
1.775665327895086510e-06
5.394069836728578785e-06
1.775665327895086510e-06
1.775665327895086510e-06
1.775667825541242687e-06
5.394069836728578785e-06
1.775665327895086510e-06
1.775658492777292267e-06
1.775665327895086510e-06
6.893243925185057178e-08
1.775658492777292267e-06
5.929692008784152582e-07
5.929692008784152582e-07
5.929692008784152582e-07
2.008028078890223453e-07
1.775661871050632100e-06
1.775658492777292267e-06
5.929680757049543939e-07
1.775665327895086510e-06
5.929692008784152582e-07
1.775665327895086510e-06
5.929680757049543939e-07
5.929660842810966493e-07
6.893243925185057178e-08
2.008031889179508819e-07
5.929692008784152582e-07
5.929692008784152582e-07
1.775661871050632100e-06
2.008031889179508819e-07
2.008031889179508819e-07
5.394080337860976681e-06
1.662891230790467778e-05
5.394080337860976681e-06
5.929660842810966493e-07
5.929692008784152582e-07
2.008028078890223453e-07
2.008031889179508819e-07
5.929680757049543939e-07
1.775667825541242687e-06
5.929680757049543939e-07
2.008028078890223453e-07
5.929680757049543939e-07
6.893257005307676646e-08
5.929692008784152582e-07
5.929692008784152582e-07
5.929680757049543939e-07
5.394091086100559551e-06
5.929660842810966493e-07
1.775661871050632100e-06
1.775661871050632100e-06
5.929660842810966493e-07
5.394080337860976681e-06
5.929692008784152582e-07
5.929692008784152582e-07
1.775668866084202626e-06
1.775665327895086510e-06
5.929692008784152582e-07
2.008031889179508819e-07
2.008031889179508819e-07
2.008028078890223453e-07
2.008028078890223453e-07
5.929692008784152582e-07
5.929680757049543939e-07
1.775667825541242687e-06
5.394080337860976681e-06
5.929672124267755850e-07
5.394059574277929137e-06
5.929672124267755850e-07
2.008021335129048993e-07
5.394059574277929137e-06
1.775658492777292267e-06
1.775658492777292267e-06
5.929692008784152582e-07
2.008028078890223453e-07
5.929692008784152582e-07
2.008028078890223453e-07
1.775658492777292267e-06
2.008028078890223453e-07
1.662900375449975559e-05
1.662900375449975559e-05
5.204452560744406186e-05
1.662897061962708198e-05
5.204484532394097773e-05
1.662897061962708198e-05
1.662900375449975559e-05
2.008025155483565461e-07
1.662897957973963095e-05
5.929672124267755850e-07
5.204481181345209931e-05
1.662897061962708198e-05
5.394059574277929137e-06
1.775661871050632100e-06
5.394080337860976681e-06
1.775665327895086510e-06
1.775665327895086510e-06
1.775658492777292267e-06
1.654359455731005770e-04
1.775665327895086510e-06
5.929695483589060148e-07
5.204462961138548013e-05
5.394091086100559551e-06
5.394080337860976681e-06
1.775661871050632100e-06
5.394069836728578785e-06
1.775658492777292267e-06
5.394069836728578785e-06
5.394069836728578785e-06
1.662900375449975559e-05
1.662900375449975559e-05
1.662900375449975559e-05
1.662897061962708198e-05
1.662900375449975559e-05
5.394080337860976681e-06
5.394069836728578785e-06
5.204481181345209931e-05
5.929695483589060148e-07
1.775659101285654213e-06
1.775665327895086510e-06
5.394080337860976681e-06
1.775667825541242687e-06
5.394069836728578785e-06
1.662897957973963095e-05
5.394091086100559551e-06
5.394091086100559551e-06
5.394091086100559551e-06
1.775665327895086510e-06
5.204462961138548013e-05
1.662891230790467778e-05
1.662891230790467778e-05
1.662894553853559159e-05
1.662891230790467778e-05
1.662891230790467778e-05
1.662891230790467778e-05
1.662891230790467778e-05
5.204462961138548013e-05
5.394091086100559551e-06
1.662891230790467778e-05
5.394091086100559551e-06
5.394091086100559551e-06
1.654359455731005770e-04
1.654359455731005770e-04
1.662891230790467778e-05
5.394091086100559551e-06
1.662891230790467778e-05
1.662891230790467778e-05
1.662891230790467778e-05
5.204452560744406186e-05
5.204462961138548013e-05
5.394091086100559551e-06
5.204462961138548013e-05
1.662891230790467778e-05
5.204462961138548013e-05
5.204462961138548013e-05
5.204462961138548013e-05
1.662891230790467778e-05
5.394091086100559551e-06
1.662891230790467778e-05
5.204462961138548013e-05
1.654356069089685472e-04
1.654356069089685472e-04
5.204462961138548013e-05
1.662891230790467778e-05
1.654356069089685472e-04
5.394091086100559551e-06
5.394091086100559551e-06
5.204473615222726213e-05
1.654359455731005770e-04
5.204473615222726213e-05
5.204473615222726213e-05
5.394061422792672680e-06
5.394061422792672680e-06
5.204473615222726213e-05
1.662894553853559159e-05
5.394061422792672680e-06
5.343295571554380506e-04
1.662894553853559159e-05
1.654362926000246467e-04
1.662894553853559159e-05
5.204473615222726213e-05
1.662894553853559159e-05
1.654356069089685472e-04
5.204452560744406186e-05
1.654352763089471487e-04
1.662891230790467778e-05
1.662891230790467778e-05
5.204481181345209931e-05
5.204481181345209931e-05
1.654352763089471487e-04
5.204481181345209931e-05
5.204481181345209931e-05
5.204452560744406186e-05
1.654352763089471487e-04
1.654356069089685472e-04
5.204481181345209931e-05
5.204481181345209931e-05
5.204452560744406186e-05
1.654352763089471487e-04
1.654352763089471487e-04
5.204481181345209931e-05
5.204481181345209931e-05
1.662897061962708198e-05
5.204481181345209931e-05
5.204470810921398385e-05
5.394059574277929137e-06
1.775667825541242687e-06
5.394059574277929137e-06
1.662894553853559159e-05
5.204452560744406186e-05
1.654356069089685472e-04
5.204452560744406186e-05
5.394091086100559551e-06
5.204452560744406186e-05
1.662894553853559159e-05
1.662891230790467778e-05
1.662891230790467778e-05
5.394091086100559551e-06
5.394091086100559551e-06
5.204473615222726213e-05
5.394061422792672680e-06
5.204473615222726213e-05
1.662891230790467778e-05
5.204473615222726213e-05
5.204473615222726213e-05
5.204473615222726213e-05
1.662894553853559159e-05
5.204473615222726213e-05
1.662891230790467778e-05
5.204473615222726213e-05
1.654362926000246467e-04
1.654362926000246467e-04
5.204473615222726213e-05
5.204473615222726213e-05
1.654362926000246467e-04
5.204473615222726213e-05
1.654356069089685472e-04
1.662891230790467778e-05
1.662900375449975559e-05
1.662891230790467778e-05
5.394091086100559551e-06
5.394080337860976681e-06
1.662897061962708198e-05
1.662891230790467778e-05
1.662891230790467778e-05
5.394091086100559551e-06
1.662894553853559159e-05
1.662897061962708198e-05
1.662897061962708198e-05
1.662891230790467778e-05
1.662891230790467778e-05
1.662900375449975559e-05
1.654356069089685472e-04
1.662891230790467778e-05
5.204452560744406186e-05
1.662894553853559159e-05
5.204462961138548013e-05
1.662900375449975559e-05
5.204481181345209931e-05
5.394080337860976681e-06
1.662900375449975559e-05
5.204452560744406186e-05
5.204481181345209931e-05
1.775658492777292267e-06
1.775661871050632100e-06
1.662897061962708198e-05
5.204481181345209931e-05
5.394080337860976681e-06
5.394080337860976681e-06
1.775661871050632100e-06
5.394080337860976681e-06
5.204481181345209931e-05
1.662891230790467778e-05
1.654352763089471487e-04
1.662894553853559159e-05
5.394091086100559551e-06
1.662894553853559159e-05
1.654356069089685472e-04
1.662891230790467778e-05
5.394091086100559551e-06
1.654352763089471487e-04
1.662900375449975559e-05
5.204452560744406186e-05
1.654352763089471487e-04
1.662891230790467778e-05
5.204452560744406186e-05
5.204452560744406186e-05
5.204452560744406186e-05
1.662891230790467778e-05
1.662891230790467778e-05
1.662894553853559159e-05
5.394091086100559551e-06
1.662894553853559159e-05
1.662894553853559159e-05
5.394061422792672680e-06
5.394061422792672680e-06
1.662891230790467778e-05
1.662891230790467778e-05
5.204452560744406186e-05
1.662891230790467778e-05
1.662891230790467778e-05
5.204452560744406186e-05
1.654352763089471487e-04
5.394091086100559551e-06
1.662900375449975559e-05
1.654356069089685472e-04
1.654356069089685472e-04
5.204462961138548013e-05
5.204462961138548013e-05
5.204462961138548013e-05
5.343304235174624892e-04
5.204462961138548013e-05
5.204462961138548013e-05
1.654359455731005770e-04
1.654356069089685472e-04
5.343304235174624892e-04
5.343304235174624892e-04
1.654356069089685472e-04
1.754338309512265461e-03
1.754338309512265461e-03
1.754341989502378012e-03
5.343315173481830421e-04
1.654356069089685472e-04
1.654356069089685472e-04
1.754341989502378012e-03
1.754341989502378012e-03
5.204452560744406186e-05
1.654356069089685472e-04
1.662891230790467778e-05
5.343304235174624892e-04
1.654356069089685472e-04
1.654356069089685472e-04
5.204481181345209931e-05
1.654356069089685472e-04
1.754341989502378012e-03
5.343304235174624892e-04
1.654356069089685472e-04
5.204462961138548013e-05
1.654361860793880157e-04
1.654356069089685472e-04
5.204462961138548013e-05
5.204452560744406186e-05
5.343304235174624892e-04
5.204462961138548013e-05
5.204473615222726213e-05
5.204462961138548013e-05
5.343315173481830421e-04
1.654356069089685472e-04
5.343315173481830421e-04
5.343295571554380506e-04
5.204462961138548013e-05
1.654356069089685472e-04
1.654359455731005770e-04
1.654359455731005770e-04
5.343315173481830421e-04
1.654356069089685472e-04
1.654359455731005770e-04
5.343326381893778558e-04
5.343315173481830421e-04
5.343315173481830421e-04
5.204473615222726213e-05
1.662891230790467778e-05
1.662891230790467778e-05
5.204462961138548013e-05
1.662891230790467778e-05
1.662891230790467778e-05
1.662891230790467778e-05
1.654356069089685472e-04
1.654356069089685472e-04
1.662891230790467778e-05
1.662891230790467778e-05
1.662891230790467778e-05
5.204481181345209931e-05
5.204452560744406186e-05
5.204452560744406186e-05
5.343315173481830421e-04
1.654356069089685472e-04
5.204452560744406186e-05
5.204462961138548013e-05
5.204462961138548013e-05
1.654356069089685472e-04
5.343315173481830421e-04
1.654356069089685472e-04
5.204462961138548013e-05
5.204462961138548013e-05
1.654356069089685472e-04
1.654359455731005770e-04
1.654356069089685472e-04
1.654356069089685472e-04
5.204462961138548013e-05
5.204473615222726213e-05
5.204462961138548013e-05
5.204462961138548013e-05
5.204462961138548013e-05
5.204462961138548013e-05
5.204462961138548013e-05
1.654352763089471487e-04
5.343315173481830421e-04
5.343315173481830421e-04
1.754338309512265461e-03
5.343315173481830421e-04
5.343304235174624892e-04
1.754341989502378012e-03
5.343315173481830421e-04
5.204470810921398385e-05
5.204470810921398385e-05
1.662897061962708198e-05
1.662897061962708198e-05
5.204470810921398385e-05
1.662900375449975559e-05
5.204452560744406186e-05
1.662900375449975559e-05
5.204462961138548013e-05
5.394091086100559551e-06
1.662891230790467778e-05
5.394091086100559551e-06
1.662891230790467778e-05
1.662891230790467778e-05
1.662900375449975559e-05
5.394091086100559551e-06
1.654356069089685472e-04
5.204462961138548013e-05
1.654356069089685472e-04
5.204462961138548013e-05
5.204462961138548013e-05
1.662891230790467778e-05
1.662891230790467778e-05
1.662900375449975559e-05
1.662891230790467778e-05
5.204462961138548013e-05
5.204462961138548013e-05
5.204462961138548013e-05
1.662891230790467778e-05
1.662891230790467778e-05
1.662894553853559159e-05
1.654362926000246467e-04
5.204481181345209931e-05
5.204452560744406186e-05
5.204452560744406186e-05
5.204481181345209931e-05
5.204481181345209931e-05
1.654361860793880157e-04
5.204462961138548013e-05
1.654356069089685472e-04
5.204462961138548013e-05
1.654356069089685472e-04
5.204462961138548013e-05
1.654356069089685472e-04
1.754341989502378012e-03
5.343315173481830421e-04
1.754341989502378012e-03
1.654356069089685472e-04
5.343315173481830421e-04
5.204470810921398385e-05
5.204470810921398385e-05
5.204470810921398385e-05
5.343293557325540363e-04
5.343315173481830421e-04
5.343315173481830421e-04
5.343315173481830421e-04
5.343315173481830421e-04
5.343315173481830421e-04
1.654356069089685472e-04
5.343315173481830421e-04
1.654356069089685472e-04
1.654356069089685472e-04
1.654356069089685472e-04
1.654356069089685472e-04
1.654356069089685472e-04
1.662900375449975559e-05
5.204470810921398385e-05
5.204470810921398385e-05
1.654361860793880157e-04
1.654361860793880157e-04
5.204470810921398385e-05
1.654361860793880157e-04
5.204481181345209931e-05
5.204481181345209931e-05
1.654356069089685472e-04
1.662891230790467778e-05
1.662891230790467778e-05
5.204452560744406186e-05
5.204452560744406186e-05
5.394091086100559551e-06
5.394091086100559551e-06
5.394091086100559551e-06
1.662891230790467778e-05
1.662891230790467778e-05
1.662891230790467778e-05
5.204452560744406186e-05
5.204462961138548013e-05
1.662891230790467778e-05
1.662900375449975559e-05
1.662891230790467778e-05
5.204462961138548013e-05
1.662891230790467778e-05
1.662891230790467778e-05
5.204462961138548013e-05
5.204462961138548013e-05
1.662891230790467778e-05
5.204462961138548013e-05
5.204462961138548013e-05
5.204473615222726213e-05
5.204462961138548013e-05
5.343295571554380506e-04
5.394080337860976681e-06
5.394080337860976681e-06
1.662897061962708198e-05
1.662900375449975559e-05
1.662893824654192594e-05
1.662897061962708198e-05
1.662897061962708198e-05
1.662897061962708198e-05
1.662897061962708198e-05
1.662893824654192594e-05
1.662897061962708198e-05
1.662900375449975559e-05
1.662893824654192594e-05
5.394069836728578785e-06
1.662900375449975559e-05
5.394069836728578785e-06
5.394069836728578785e-06
5.394069836728578785e-06
5.394069836728578785e-06
5.394069836728578785e-06
5.394069836728578785e-06
1.662897061962708198e-05
5.394069836728578785e-06
5.204470810921398385e-05
1.662893824654192594e-05
5.343304235174624892e-04
1.775661871050632100e-06
1.775661871050632100e-06
5.204470810921398385e-05
5.204470810921398385e-05
1.662893824654192594e-05
5.204470810921398385e-05
5.204470810921398385e-05
5.204481181345209931e-05
5.394069836728578785e-06
1.662897061962708198e-05
1.662897061962708198e-05
5.204452560744406186e-05
1.654352763089471487e-04
1.662891230790467778e-05
1.654359455731005770e-04
1.654356069089685472e-04
5.204481181345209931e-05
1.662891230790467778e-05
1.662891230790467778e-05
1.662891230790467778e-05
5.204452560744406186e-05
1.662891230790467778e-05
1.654356069089685472e-04
1.754341989502378012e-03
5.204462961138548013e-05
1.662891230790467778e-05
5.204452560744406186e-05
5.204452560744406186e-05
5.204452560744406186e-05
5.343315173481830421e-04
1.662891230790467778e-05
1.654356069089685472e-04
1.654356069089685472e-04
5.204462961138548013e-05
1.662891230790467778e-05
5.204462961138548013e-05
5.204462961138548013e-05
1.654359455731005770e-04
5.204462961138548013e-05
5.204462961138548013e-05
5.204462961138548013e-05
5.204462961138548013e-05
1.654359455731005770e-04
5.204462961138548013e-05
5.204462961138548013e-05
5.394091086100559551e-06
5.394091086100559551e-06
1.662891230790467778e-05
5.394091086100559551e-06
5.394091086100559551e-06
1.662900375449975559e-05
5.204452560744406186e-05
5.204452560744406186e-05
1.662891230790467778e-05
5.394080337860976681e-06
5.394091086100559551e-06
5.394091086100559551e-06
1.662900375449975559e-05
1.662900375449975559e-05
1.662900375449975559e-05
1.662897061962708198e-05
1.662897061962708198e-05
1.662900375449975559e-05
1.662900375449975559e-05
1.662900375449975559e-05
5.394091086100559551e-06
5.394091086100559551e-06
5.394091086100559551e-06
5.394091086100559551e-06
5.394091086100559551e-06
1.662891230790467778e-05
5.394091086100559551e-06
1.662891230790467778e-05
5.394091086100559551e-06
5.204452560744406186e-05
1.662891230790467778e-05
1.662891230790467778e-05
5.394091086100559551e-06
1.662891230790467778e-05
1.662891230790467778e-05
1.662900375449975559e-05
5.394091086100559551e-06
5.204462961138548013e-05
5.394080337860976681e-06
1.662897061962708198e-05
1.662897061962708198e-05
1.662897061962708198e-05
1.662891230790467778e-05
5.204462961138548013e-05
5.204452560744406186e-05
1.662891230790467778e-05
5.204452560744406186e-05
1.662891230790467778e-05
5.204462961138548013e-05
5.394091086100559551e-06
1.662891230790467778e-05
1.662891230790467778e-05
1.662900375449975559e-05
1.654356069089685472e-04
1.654352763089471487e-04
1.662891230790467778e-05
5.204452560744406186e-05
5.204452560744406186e-05
5.204452560744406186e-05
5.204452560744406186e-05
5.204452560744406186e-05
1.662900375449975559e-05
5.204452560744406186e-05
1.754341989502378012e-03
5.204462961138548013e-05
1.654359455731005770e-04
5.204462961138548013e-05
5.204462961138548013e-05
1.654356069089685472e-04
1.654359455731005770e-04
1.654359455731005770e-04
1.654359455731005770e-04
5.204462961138548013e-05
5.204462961138548013e-05
1.654359455731005770e-04
5.204452560744406186e-05
5.394091086100559551e-06
1.654356069089685472e-04
5.204452560744406186e-05
5.204452560744406186e-05
1.654356069089685472e-04
5.204452560744406186e-05
1.662897061962708198e-05
5.204452560744406186e-05
5.204452560744406186e-05
1.662891230790467778e-05
1.662891230790467778e-05
1.662891230790467778e-05
1.662891230790467778e-05
1.654356069089685472e-04
5.204452560744406186e-05
5.204462961138548013e-05
1.662891230790467778e-05
1.654359455731005770e-04
1.662900375449975559e-05
1.662891230790467778e-05
1.662891230790467778e-05
1.662891230790467778e-05
1.654356069089685472e-04
1.654356069089685472e-04
1.754341989502378012e-03
5.204462961138548013e-05
5.204462961138548013e-05
5.394091086100559551e-06
1.662891230790467778e-05
5.204452560744406186e-05
1.654359455731005770e-04
5.204462961138548013e-05
5.204462961138548013e-05
5.204462961138548013e-05
1.662900375449975559e-05
5.204452560744406186e-05
5.204452560744406186e-05
5.204452560744406186e-05
5.343293557325540363e-04
1.654352763089471487e-04
5.343304235174624892e-04
5.343304235174624892e-04
1.754341989502378012e-03
1.654361860793880157e-04
5.204470810921398385e-05
5.204470810921398385e-05
1.662893824654192594e-05
1.662893824654192594e-05
1.754334718204208316e-03
1.654356069089685472e-04
5.343304235174624892e-04
1.662900375449975559e-05
1.662897061962708198e-05
5.204470810921398385e-05
5.204470810921398385e-05
5.204481181345209931e-05
1.662897061962708198e-05
5.204481181345209931e-05
5.204481181345209931e-05
5.204470810921398385e-05
5.204481181345209931e-05
5.204481181345209931e-05
5.204470810921398385e-05
5.204470810921398385e-05
1.662897061962708198e-05
1.662897061962708198e-05
1.662897061962708198e-05
5.394080337860976681e-06
1.662897061962708198e-05
5.394080337860976681e-06
1.662897061962708198e-05
1.775661871050632100e-06
1.662893824654192594e-05
1.662893824654192594e-05
5.394069836728578785e-06
5.394069836728578785e-06
1.662897061962708198e-05
1.662897061962708198e-05
1.662897061962708198e-05
1.662897061962708198e-05
1.662897061962708198e-05
5.394080337860976681e-06
1.662900375449975559e-05
1.662900375449975559e-05
1.662897061962708198e-05
1.662900375449975559e-05
5.929660842810966493e-07
1.775661871050632100e-06
5.394080337860976681e-06
5.204481181345209931e-05
5.394080337860976681e-06
1.662897061962708198e-05
1.662897061962708198e-05
1.662900375449975559e-05
1.662891230790467778e-05
5.204452560744406186e-05
5.204462961138548013e-05
1.654362926000246467e-04
1.662891230790467778e-05
1.662894553853559159e-05
5.204462961138548013e-05
5.204452560744406186e-05
5.204481181345209931e-05
5.343304235174624892e-04
5.204452560744406186e-05
1.654352763089471487e-04
1.662900375449975559e-05
1.654356069089685472e-04
5.204470810921398385e-05
5.204470810921398385e-05
5.204470810921398385e-05
5.204470810921398385e-05
5.204470810921398385e-05
5.204481181345209931e-05
5.204470810921398385e-05
5.204470810921398385e-05
5.204470810921398385e-05
5.204470810921398385e-05
5.204470810921398385e-05
5.204481181345209931e-05
5.204470810921398385e-05
5.204470810921398385e-05
5.204470810921398385e-05
5.204470810921398385e-05
5.204470810921398385e-05
5.204470810921398385e-05
5.204470810921398385e-05
5.204470810921398385e-05
5.204470810921398385e-05
5.204470810921398385e-05
5.204470810921398385e-05
5.204470810921398385e-05
5.204481181345209931e-05
5.204481181345209931e-05
5.343304235174624892e-04
1.654352763089471487e-04
5.204470810921398385e-05
5.204452560744406186e-05
5.204452560744406186e-05
1.662891230790467778e-05
1.654352763089471487e-04
5.204452560744406186e-05
1.654352763089471487e-04
1.654352763089471487e-04
5.204470810921398385e-05
5.204470810921398385e-05
5.204470810921398385e-05
5.394091086100559551e-06
5.394091086100559551e-06
5.204481181345209931e-05
5.204481181345209931e-05
5.204481181345209931e-05
5.204481181345209931e-05
5.204452560744406186e-05
1.654352763089471487e-04
5.204452560744406186e-05
5.204452560744406186e-05
1.654361860793880157e-04
5.343304235174624892e-04
5.204470810921398385e-05
1.654352763089471487e-04
5.204481181345209931e-05
5.343304235174624892e-04
5.204470810921398385e-05
1.662897061962708198e-05
1.662897061962708198e-05
1.662897061962708198e-05
1.654356069089685472e-04
1.662900375449975559e-05
5.204481181345209931e-05
5.204481181345209931e-05
5.204481181345209931e-05
5.204470810921398385e-05
5.204481181345209931e-05
1.654352763089471487e-04
1.654352763089471487e-04
1.654352763089471487e-04
5.204452560744406186e-05
5.204481181345209931e-05
5.204470810921398385e-05
5.204481181345209931e-05
5.204481181345209931e-05
5.204481181345209931e-05
5.204470810921398385e-05
5.204481181345209931e-05
1.654352763089471487e-04
5.204481181345209931e-05
1.654362926000246467e-04
5.343295571554380506e-04
1.654362926000246467e-04
5.204473615222726213e-05
1.654362926000246467e-04
5.343295571554380506e-04
5.204473615222726213e-05
1.662897061962708198e-05
5.394080337860976681e-06
1.662894553853559159e-05
1.662894553853559159e-05
1.662894553853559159e-05
1.662894553853559159e-05
1.662900375449975559e-05
1.654356069089685472e-04
1.654356069089685472e-04
5.204452560744406186e-05
1.654359455731005770e-04
1.654359455731005770e-04
5.343315173481830421e-04
5.343315173481830421e-04
5.204462961138548013e-05
1.662900375449975559e-05
5.204462961138548013e-05
5.204452560744406186e-05
5.204452560744406186e-05
5.204452560744406186e-05
1.662891230790467778e-05
5.394080337860976681e-06
1.662897061962708198e-05
1.662891230790467778e-05
5.394091086100559551e-06
1.662891230790467778e-05
1.654356069089685472e-04
5.204462961138548013e-05
5.204452560744406186e-05
1.654356069089685472e-04
5.343304235174624892e-04
1.654356069089685472e-04
5.343304235174624892e-04
1.654352763089471487e-04
5.343304235174624892e-04
5.343304235174624892e-04
1.654352763089471487e-04
1.654356069089685472e-04
1.754341989502378012e-03
1.654356069089685472e-04
1.654356069089685472e-04
5.343304235174624892e-04
5.204452560744406186e-05
5.204452560744406186e-05
5.204452560744406186e-05
5.204452560744406186e-05
1.654356069089685472e-04
5.204462961138548013e-05
1.662891230790467778e-05
5.204462961138548013e-05
5.343326381893778558e-04
5.343315173481830421e-04
5.343315173481830421e-04
5.204452560744406186e-05
1.654356069089685472e-04
1.654356069089685472e-04
5.204452560744406186e-05
1.754341989502378012e-03
5.343295571554380506e-04
1.654362926000246467e-04
1.654362926000246467e-04
5.343315173481830421e-04
1.754338309512265461e-03
1.754338309512265461e-03
5.343315173481830421e-04
5.343315173481830421e-04
1.654362926000246467e-04
1.654362926000246467e-04
1.754338309512265461e-03
1.654362926000246467e-04
5.204473615222726213e-05
1.654356069089685472e-04
5.204452560744406186e-05
1.662897061962708198e-05
5.343304235174624892e-04
5.204481181345209931e-05
1.662900375449975559e-05
1.654352763089471487e-04
5.204452560744406186e-05
1.662897061962708198e-05
1.662891230790467778e-05
5.204452560744406186e-05
1.662897061962708198e-05
1.662897061962708198e-05
5.204452560744406186e-05
5.204452560744406186e-05
5.204452560744406186e-05
1.662891230790467778e-05
1.662891230790467778e-05
5.394091086100559551e-06
1.654356069089685472e-04
1.662900375449975559e-05
1.662891230790467778e-05
5.394091086100559551e-06
1.654356069089685472e-04
1.654352763089471487e-04
5.204452560744406186e-05
1.662900375449975559e-05
1.654356069089685472e-04
1.654356069089685472e-04
5.204452560744406186e-05
5.204452560744406186e-05
5.204452560744406186e-05
5.204452560744406186e-05
5.204473615222726213e-05
1.654362926000246467e-04
1.654356868009022462e-04
5.929662874873010981e-07
1.654353386720854838e-04
1.662897957973963095e-05
1.775659101285654213e-06
1.662891230790467778e-05
5.204484532394097773e-05
1.654353386720854838e-04
1.654362926000246467e-04
5.204484532394097773e-05
1.754339351746442462e-03
5.929683668106779727e-07
5.929683668106779727e-07
2.008025155483565461e-07
5.929683668106779727e-07
5.204484532394097773e-05
6.893257005307676646e-08
2.397982097009021397e-08
6.893257005307676646e-08
1.775668866084202626e-06
1.654353386720854838e-04
6.893218618062609456e-08
3.016016575885857328e-09
1.089763507542404308e-09
3.985336542478458217e-10
3.016021923150519159e-09
6.893253313334991818e-08
1.089765439645078725e-09
8.450742981578287241e-09
2.397985362904688394e-08
3.016016575885857328e-09
2.397985362904688394e-08
6.893231132561585102e-08
2.397977646784667917e-08
2.397973293312508907e-08
2.397985362904688394e-08
2.397973293312508907e-08
2.397973293312508907e-08
6.893218618062609456e-08
5.929680757049543939e-07
2.008024352350641268e-07
2.397985362904688394e-08
2.397973293312508907e-08
6.893231132561585102e-08
2.397973293312508907e-08
2.397973293312508907e-08
6.893253313334991818e-08
2.397977646784667917e-08
6.893253313334991818e-08
1.089763507542404308e-09
2.397973293312508907e-08
2.397973293312508907e-08
2.397977646784667917e-08
2.397977646784667917e-08
6.893243925185057178e-08
2.397973293312508907e-08
6.893253313334991818e-08
2.397981019959205044e-08
2.397985362904688394e-08
2.397985362904688394e-08
3.985336542478458217e-10
2.397977646784667917e-08
5.204484532394097773e-05
5.929683668106779727e-07
6.893233889590733725e-08
2.008025155483565461e-07
5.394061422792672680e-06
1.654356069089685472e-04
2.008028078890223453e-07
2.008028078890223453e-07
6.893220774916156708e-08
6.893243925185057178e-08
2.008028078890223453e-07
6.893243925185057178e-08
6.893243925185057178e-08
6.893257005307676646e-08
6.893243925185057178e-08
2.008028078890223453e-07
2.008031889179508819e-07
2.008028078890223453e-07
2.008021335129048993e-07
6.893243925185057178e-08
6.893257005307676646e-08
6.893243925185057178e-08
6.893257005307676646e-08
2.008025155483565461e-07
6.893257005307676646e-08
2.397977646784667917e-08
2.008024352350641268e-07
6.893231132561585102e-08
2.008028078890223453e-07
6.893243925185057178e-08
2.008028078890223453e-07
2.008028078890223453e-07
2.008028078890223453e-07
5.929680757049543939e-07
2.008024352350641268e-07
2.008021335129048993e-07
2.008028078890223453e-07
1.775658492777292267e-06
2.008031889179508819e-07
5.929680757049543939e-07
6.893243925185057178e-08
2.008031889179508819e-07
2.008024352350641268e-07
8.450731094148483996e-09
2.397977646784667917e-08
6.893257005307676646e-08
2.008031889179508819e-07
6.893257005307676646e-08
6.893257005307676646e-08
5.929669752627033846e-07
2.008028078890223453e-07
2.008028078890223453e-07
2.008028078890223453e-07
2.008024352350641268e-07
2.008028078890223453e-07
6.893243925185057178e-08
6.893243925185057178e-08
2.397977646784667917e-08
2.008024352350641268e-07
2.008024352350641268e-07
2.397977646784667917e-08
2.008031889179508819e-07
2.397977646784667917e-08
6.893231132561585102e-08
6.893231132561585102e-08
2.008028078890223453e-07
2.008028078890223453e-07
5.929680757049543939e-07
2.008024352350641268e-07
2.008028078890223453e-07
6.893257005307676646e-08
6.893243925185057178e-08
6.893243925185057178e-08
2.008028078890223453e-07
1.775665327895086510e-06
2.008031889179508819e-07
6.893231132561585102e-08
6.893231132561585102e-08
6.893231132561585102e-08
5.929680757049543939e-07
6.893243925185057178e-08
6.893231132561585102e-08
6.893231132561585102e-08
6.893243925185057178e-08
8.450715752044444963e-09
8.450731094148483996e-09
6.893257005307676646e-08
2.397977646784667917e-08
8.450715752044444963e-09
2.397977646784667917e-08
2.397977646784667917e-08
6.893243925185057178e-08
2.397977646784667917e-08
2.397977646784667917e-08
6.893231132561585102e-08
2.397982097009021397e-08
2.397977646784667917e-08
2.397982097009021397e-08
2.397977646784667917e-08
2.397977646784667917e-08
6.893243925185057178e-08
6.893231132561585102e-08
6.893231132561585102e-08
2.397973293312508907e-08
2.397977646784667917e-08
8.450715752044444963e-09
6.893257005307676646e-08
2.397977646784667917e-08
6.893243925185057178e-08
6.893243925185057178e-08
6.893243925185057178e-08
6.893243925185057178e-08
2.008025155483565461e-07
6.893220774916156708e-08
2.008021335129048993e-07
5.929683668106779727e-07
5.929683668106779727e-07
5.929680757049543939e-07
2.008028078890223453e-07
2.397982097009021397e-08
1.662897957973963095e-05
8.450758286584741564e-09
1.654353386720854838e-04
1.654353386720854838e-04
5.394061422792672680e-06
1.662894553853559159e-05
5.204473615222726213e-05
5.394061422792672680e-06
1.662894553853559159e-05
5.204484532394097773e-05
1.654353386720854838e-04
5.204473615222726213e-05
1.654353386720854838e-04
5.394061422792672680e-06
5.204484532394097773e-05
1.654353386720854838e-04
1.654353386720854838e-04
1.662894553853559159e-05
1.662897957973963095e-05
1.654353386720854838e-04
1.662897957973963095e-05
5.204484532394097773e-05
5.204460678918605471e-05
1.654355343634544091e-04
1.662900375449975559e-05
5.204470810921398385e-05
5.204481181345209931e-05
5.343301892071116365e-04
5.343301892071116365e-04
1.754331212410688030e-03
1.754341989502378012e-03
1.754337364230644904e-03
5.343301892071116365e-04
5.343312294369176839e-04
1.754341989502378012e-03
1.754341989502378012e-03
1.654355343634544091e-04
1.754341989502378012e-03
1.654358564320507566e-04
5.343312294369176839e-04
1.754341989502378012e-03
1.754341989502378012e-03
1.754340859921683839e-03
2.008021335129048993e-07
3.016012205085349747e-09
3.016012205085349747e-09
3.016027385420103744e-09
8.450731094148483996e-09
8.450731094148483996e-09
3.016012205085349747e-09
2.397982097009021397e-08
3.016012205085349747e-09
1.089767413301965928e-09
3.016012205085349747e-09
8.450731094148483996e-09
3.985336542478458217e-10
2.397982097009021397e-08
1.654358564320507566e-04
1.662893824654192594e-05
5.204470810921398385e-05
1.662893824654192594e-05
5.394091086100559551e-06
2.397982097009021397e-08
3.016012205085349747e-09
3.016012205085349747e-09
3.985336542478458217e-10
3.016012205085349747e-09
1.089767413301965928e-09
3.985336542478458217e-10
3.016012205085349747e-09
8.450731094148483996e-09
8.450731094148483996e-09
3.016012205085349747e-09
3.016012205085349747e-09
6.893257005307676646e-08
8.450731094148483996e-09
3.985336542478458217e-10
3.985336542478458217e-10
3.985336542478458217e-10
3.985336542478458217e-10
3.985336542478458217e-10
3.985336542478458217e-10
3.985336542478458217e-10
3.985336542478458217e-10
1.089767413301965928e-09
3.985336542478458217e-10
3.985336542478458217e-10
1.089767413301965928e-09
1.089767413301965928e-09
1.089767413301965928e-09
3.016012205085349747e-09
1.089767413301965928e-09
1.089767413301965928e-09
3.985336542478458217e-10
1.089767413301965928e-09
8.450715752044444963e-09
1.089767413301965928e-09
2.397977646784667917e-08
3.985336542478458217e-10
3.985336542478458217e-10
3.016012205085349747e-09
3.985336542478458217e-10
3.985336542478458217e-10
3.985336542478458217e-10
3.985336542478458217e-10
3.985336542478458217e-10
3.985336542478458217e-10
3.985336542478458217e-10
3.016012205085349747e-09
8.450731094148483996e-09
8.450731094148483996e-09
3.985336542478458217e-10
3.985336542478458217e-10
3.985336542478458217e-10
3.985336542478458217e-10
1.089767413301965928e-09
3.016012205085349747e-09
5.929672124267755850e-07
5.929672124267755850e-07
2.397982097009021397e-08
6.893257005307676646e-08
2.397982097009021397e-08
8.450731094148483996e-09
3.016012205085349747e-09
1.089767413301965928e-09
5.929672124267755850e-07
3.016012205085349747e-09
1.089767413301965928e-09
3.985336542478458217e-10
3.985336542478458217e-10
3.985336542478458217e-10
3.985336542478458217e-10
3.985336542478458217e-10
3.985336542478458217e-10
3.985336542478458217e-10
1.089767413301965928e-09
3.985336542478458217e-10
3.985336542478458217e-10
3.985336542478458217e-10
3.985336542478458217e-10
3.985336542478458217e-10
6.893257005307676646e-08
8.450731094148483996e-09
3.985336542478458217e-10
3.985336542478458217e-10
3.985336542478458217e-10
3.985336542478458217e-10
3.985336542478458217e-10
3.985336542478458217e-10
3.985336542478458217e-10
2.397977646784667917e-08
3.016027385420103744e-09
3.016012205085349747e-09
3.016012205085349747e-09
3.016012205085349747e-09
3.016012205085349747e-09
3.016012205085349747e-09
1.089767413301965928e-09
8.450715752044444963e-09
2.397982097009021397e-08
1.089767413301965928e-09
2.397982097009021397e-08
8.450715752044444963e-09
3.985336542478458217e-10
1.089767413301965928e-09
1.089765439645078725e-09
3.016012205085349747e-09
3.016012205085349747e-09
5.929672124267755850e-07
2.008021335129048993e-07
6.893257005307676646e-08
3.985336542478458217e-10
1.089765439645078725e-09
8.450742981578287241e-09
3.016021923150519159e-09
2.397982097009021397e-08
2.397982097009021397e-08
5.394061422792672680e-06
5.204462961138548013e-05
1.662891230790467778e-05
3.016012205085349747e-09
8.450731094148483996e-09
8.450731094148483996e-09
2.397982097009021397e-08
1.089767413301965928e-09
8.450731094148483996e-09
1.089767413301965928e-09
5.929672124267755850e-07
5.394091086100559551e-06
6.893257005307676646e-08
1.662891230790467778e-05
1.775665327895086510e-06
5.929672124267755850e-07
5.394091086100559551e-06
2.008021335129048993e-07
5.929672124267755850e-07
1.754339351746442462e-03
5.204484532394097773e-05
1.654362926000246467e-04
5.343306815555691047e-04
1.754341989502378012e-03
1.754339351746442462e-03
1.754341989502378012e-03
5.343306815555691047e-04
1.754341989502378012e-03
5.204473615222726213e-05
1.654362926000246467e-04
5.343306815555691047e-04
1.662894553853559159e-05
1.654353386720854838e-04
5.343306815555691047e-04
1.654356069089685472e-04
5.343295571554380506e-04
5.204473615222726213e-05
5.394061422792672680e-06
5.929672124267755850e-07
5.204484532394097773e-05
5.394061422792672680e-06
5.929683668106779727e-07
5.929672124267755850e-07
5.204484532394097773e-05
5.343304235174624892e-04
5.204462961138548013e-05
5.394091086100559551e-06
1.754341989502378012e-03
5.204484532394097773e-05
5.343306815555691047e-04
5.204484532394097773e-05
1.662891230790467778e-05
1.662891230790467778e-05
5.204484532394097773e-05
5.204484532394097773e-05
5.204452560744406186e-05
5.394091086100559551e-06
5.204484532394097773e-05
5.204452560744406186e-05
5.204484532394097773e-05
1.662894553853559159e-05
1.662894553853559159e-05
1.662894553853559159e-05
5.204484532394097773e-05
5.204462961138548013e-05
1.654352763089471487e-04
1.775661871050632100e-06
1.662897061962708198e-05
1.662897061962708198e-05
1.654359455731005770e-04
5.204484532394097773e-05
1.662897957973963095e-05
5.204484532394097773e-05
1.654362926000246467e-04
1.654362926000246467e-04
1.654353386720854838e-04
1.654353386720854838e-04
1.754341989502378012e-03
5.204473615222726213e-05
5.204481181345209931e-05
5.204484532394097773e-05
5.343295571554380506e-04
1.754341989502378012e-03
2.397977646784667917e-08
6.893257005307676646e-08
2.397977646784667917e-08
6.893243925185057178e-08
6.893243925185057178e-08
1.775668866084202626e-06
1.754341989502378012e-03
1.754341989502378012e-03
5.343326381893778558e-04
1.654357752146917737e-04
1.775665327895086510e-06
3.985336542478458217e-10
1.089768804732314638e-09
8.450727998809438964e-09
1.089768804732314638e-09
3.985336542478458217e-10
3.985336542478458217e-10
3.985336542478458217e-10
3.985336542478458217e-10
1.089763507542404308e-09
1.089768804732314638e-09
3.985336542478458217e-10
3.985336542478458217e-10
3.985336542478458217e-10
3.016031236325910755e-09
3.016031236325910755e-09
3.016031236325910755e-09
3.985336542478458217e-10
3.985336542478458217e-10
3.985336542478458217e-10
3.985336542478458217e-10
1.089768804732314638e-09
3.016031236325910755e-09
3.016031236325910755e-09
3.016031236325910755e-09
1.089768804732314638e-09
1.089768804732314638e-09
1.089768804732314638e-09
3.016031236325910755e-09
3.016016575885857328e-09
3.016031236325910755e-09
3.985336542478458217e-10
3.016031236325910755e-09
3.985336542478458217e-10
3.016031236325910755e-09
3.985336542478458217e-10
8.450742981578287241e-09
2.397985362904688394e-08
1.089765439645078725e-09
8.450758286584741564e-09
2.397973293312508907e-08
8.450742981578287241e-09
2.397973293312508907e-08
3.016031236325910755e-09
3.016016575885857328e-09
3.016016575885857328e-09
3.985336542478458217e-10
2.397988424685963592e-08
3.985336542478458217e-10
3.985336542478458217e-10
3.985336542478458217e-10
3.985336542478458217e-10
3.985336542478458217e-10
1.089768804732314638e-09
3.985336542478458217e-10
3.985336542478458217e-10
2.397977646784667917e-08
3.016021923150519159e-09
8.450758286584741564e-09
2.397973293312508907e-08
3.985336542478458217e-10
2.397973293312508907e-08
2.397973293312508907e-08
2.008024352350641268e-07
2.397982097009021397e-08
3.016027385420103744e-09
6.893243925185057178e-08
2.397973293312508907e-08
2.397973293312508907e-08
1.089765439645078725e-09
6.893243925185057178e-08
1.089768804732314638e-09
1.089763507542404308e-09
1.089763507542404308e-09
8.450727998809438964e-09
2.397977646784667917e-08
1.089768804732314638e-09
3.985336542478458217e-10
3.985336542478458217e-10
3.985336542478458217e-10
3.985336542478458217e-10
3.985336542478458217e-10
3.985336542478458217e-10
3.985336542478458217e-10
3.985336542478458217e-10
1.089768804732314638e-09
3.985336542478458217e-10
1.089768804732314638e-09
1.089768804732314638e-09
3.985336542478458217e-10
1.089768804732314638e-09
1.089768804732314638e-09
1.089768804732314638e-09
1.089768804732314638e-09
1.089765439645078725e-09
2.397981019959205044e-08
1.089768804732314638e-09
3.985336542478458217e-10
1.089763507542404308e-09
3.985336542478458217e-10
8.450742981578287241e-09
3.016016575885857328e-09
1.089768804732314638e-09
3.985336542478458217e-10
1.089763507542404308e-09
3.985336542478458217e-10
2.397973293312508907e-08
1.089768804732314638e-09
3.985336542478458217e-10
3.985336542478458217e-10
3.016016575885857328e-09
8.450727998809438964e-09
3.016021923150519159e-09
3.016016575885857328e-09
8.450742981578287241e-09
2.397985362904688394e-08
2.397981019959205044e-08
3.016016575885857328e-09
3.985336542478458217e-10
3.016016575885857328e-09
3.016031236325910755e-09
1.089766877769218388e-09
3.016031236325910755e-09
1.089766877769218388e-09
1.089768804732314638e-09
3.016031236325910755e-09
3.016031236325910755e-09
8.450727998809438964e-09
3.985336542478458217e-10
1.089763507542404308e-09
3.016031236325910755e-09
1.089765439645078725e-09
2.008024352350641268e-07
8.450727998809438964e-09
3.985336542478458217e-10
3.985336542478458217e-10
5.929680757049543939e-07
2.008028078890223453e-07
2.008028078890223453e-07
2.008028078890223453e-07
6.893243925185057178e-08
2.397981019959205044e-08
8.450727998809438964e-09
3.016016575885857328e-09
3.016016575885857328e-09
3.016016575885857328e-09
2.397985362904688394e-08
6.893218618062609456e-08
8.450742981578287241e-09
6.893231132561585102e-08
8.450742981578287241e-09
8.450727998809438964e-09
2.397985362904688394e-08
5.929680757049543939e-07
3.016016575885857328e-09
3.016016575885857328e-09
1.089768804732314638e-09
3.985336542478458217e-10
1.089768804732314638e-09
1.089768804732314638e-09
3.985336542478458217e-10
1.089763507542404308e-09
2.397981019959205044e-08
6.893253313334991818e-08
2.008020706829543435e-07
2.008020706829543435e-07
2.397981019959205044e-08
2.397981019959205044e-08
3.016016575885857328e-09
2.397981019959205044e-08
8.450727998809438964e-09
8.450727998809438964e-09
2.397985362904688394e-08
3.985336542478458217e-10
8.450727998809438964e-09
3.016016575885857328e-09
1.089763507542404308e-09
2.397985362904688394e-08
5.929669752627033846e-07
5.929669752627033846e-07
8.450742981578287241e-09
3.016021923150519159e-09
8.450742981578287241e-09
8.450742981578287241e-09
3.016016575885857328e-09
8.450742981578287241e-09
8.450742981578287241e-09
3.016016575885857328e-09
3.016021923150519159e-09
8.450742981578287241e-09
2.008024352350641268e-07
6.893231132561585102e-08
2.008028078890223453e-07
3.016016575885857328e-09
1.089763507542404308e-09
3.016016575885857328e-09
2.397973293312508907e-08
1.089763507542404308e-09
8.450742981578287241e-09
3.016021923150519159e-09
1.089763507542404308e-09
3.985336542478458217e-10
3.985336542478458217e-10
1.089768804732314638e-09
3.985336542478458217e-10
3.016016575885857328e-09
3.985336542478458217e-10
3.985336542478458217e-10
2.008024352350641268e-07
3.016021923150519159e-09
3.985336542478458217e-10
1.089763507542404308e-09
2.008028078890223453e-07
5.929680757049543939e-07
2.397985362904688394e-08
3.016021923150519159e-09
8.450758286584741564e-09
1.089768804732314638e-09
1.089768804732314638e-09
1.089768804732314638e-09
1.089768804732314638e-09
1.089763507542404308e-09
1.089763507542404308e-09
3.985336542478458217e-10
3.985336542478458217e-10
3.016016575885857328e-09
3.016016575885857328e-09
8.450758286584741564e-09
3.016021923150519159e-09
3.016016575885857328e-09
3.016016575885857328e-09
1.089763507542404308e-09
1.089763507542404308e-09
3.016016575885857328e-09
2.008024352350641268e-07
3.016016575885857328e-09
5.929669752627033846e-07
2.008024352350641268e-07
3.016016575885857328e-09
3.016016575885857328e-09
2.008024352350641268e-07
3.016016575885857328e-09
5.929680757049543939e-07
3.016016575885857328e-09
3.016016575885857328e-09
8.450742981578287241e-09
6.893253313334991818e-08
5.929669752627033846e-07
3.016021923150519159e-09
8.450742981578287241e-09
8.450758286584741564e-09
6.893231132561585102e-08
8.450715752044444963e-09
3.016016575885857328e-09
8.450727998809438964e-09
2.397973293312508907e-08
2.397985362904688394e-08
2.397973293312508907e-08
3.016021923150519159e-09
3.016021923150519159e-09
8.450742981578287241e-09
8.450742981578287241e-09
8.450742981578287241e-09
8.450742981578287241e-09
3.016021923150519159e-09
3.016021923150519159e-09
1.089763507542404308e-09
3.016016575885857328e-09
3.016031236325910755e-09
3.985336542478458217e-10
8.450742981578287241e-09
3.016021923150519159e-09
1.089768804732314638e-09
1.089768804732314638e-09
3.985336542478458217e-10
3.985336542478458217e-10
3.985336542478458217e-10
3.985336542478458217e-10
3.985336542478458217e-10
3.985336542478458217e-10
3.016031236325910755e-09
3.016016575885857328e-09
1.089766877769218388e-09
3.985336542478458217e-10
3.985336542478458217e-10
3.985336542478458217e-10
1.089768804732314638e-09
1.089768804732314638e-09
1.089768804732314638e-09
3.985336542478458217e-10
1.089763507542404308e-09
3.985336542478458217e-10
3.985336542478458217e-10
1.089768804732314638e-09
3.016016575885857328e-09
3.016016575885857328e-09
1.089768804732314638e-09
3.016016575885857328e-09
8.450727998809438964e-09
3.985336542478458217e-10
3.016031236325910755e-09
3.016031236325910755e-09
3.016031236325910755e-09
8.450727998809438964e-09
8.450727998809438964e-09
8.450727998809438964e-09
8.450727998809438964e-09
8.450727998809438964e-09
6.893218618062609456e-08
3.016016575885857328e-09
8.450727998809438964e-09
8.450727998809438964e-09
8.450727998809438964e-09
3.016016575885857328e-09
8.450727998809438964e-09
8.450727998809438964e-09
3.016016575885857328e-09
3.016016575885857328e-09
6.893253313334991818e-08
8.450742981578287241e-09
8.450742981578287241e-09
3.016031236325910755e-09
3.985336542478458217e-10
3.985336542478458217e-10
3.985336542478458217e-10
3.985336542478458217e-10
3.985336542478458217e-10
3.985336542478458217e-10
3.985336542478458217e-10
3.985336542478458217e-10
3.985336542478458217e-10
3.985336542478458217e-10
3.985336542478458217e-10
3.016016575885857328e-09
3.016016575885857328e-09
8.450727998809438964e-09
8.450727998809438964e-09
3.016016575885857328e-09
1.089768804732314638e-09
3.016016575885857328e-09
3.016016575885857328e-09
3.985336542478458217e-10
3.985336542478458217e-10
3.016016575885857328e-09
1.089768804732314638e-09
1.089768804732314638e-09
8.450742981578287241e-09
5.929680757049543939e-07
3.016016575885857328e-09
3.016016575885857328e-09
8.450742981578287241e-09
8.450742981578287241e-09
3.016016575885857328e-09
6.893231132561585102e-08
8.450742981578287241e-09
8.450758286584741564e-09
8.450742981578287241e-09
8.450758286584741564e-09
8.450742981578287241e-09
8.450742981578287241e-09
3.016016575885857328e-09
1.089763507542404308e-09
3.016016575885857328e-09
8.450742981578287241e-09
1.089768804732314638e-09
3.016021923150519159e-09
3.016021923150519159e-09
3.016021923150519159e-09
3.016016575885857328e-09
3.016016575885857328e-09
3.016016575885857328e-09
3.016016575885857328e-09
1.089763507542404308e-09
3.016016575885857328e-09
3.016016575885857328e-09
3.016016575885857328e-09
2.397981019959205044e-08
2.397981019959205044e-08
3.016021923150519159e-09
3.985336542478458217e-10
1.089763507542404308e-09
3.985336542478458217e-10
1.089763507542404308e-09
3.016016575885857328e-09
8.450742981578287241e-09
3.016016575885857328e-09
8.450742981578287241e-09
3.016016575885857328e-09
8.450742981578287241e-09
1.089768804732314638e-09
8.450742981578287241e-09
1.089763507542404308e-09
8.450742981578287241e-09
3.985336542478458217e-10
3.016016575885857328e-09
3.016021923150519159e-09
3.016016575885857328e-09
8.450742981578287241e-09
3.985336542478458217e-10
3.985336542478458217e-10
3.985336542478458217e-10
3.985336542478458217e-10
8.450758286584741564e-09
6.893253313334991818e-08
2.397981019959205044e-08
2.397981019959205044e-08
6.893253313334991818e-08
8.450758286584741564e-09
3.016016575885857328e-09
1.089768804732314638e-09
8.450727998809438964e-09
2.397981019959205044e-08
2.397985362904688394e-08
2.397973293312508907e-08
3.016021923150519159e-09
1.089763507542404308e-09
1.089763507542404308e-09
3.016016575885857328e-09
3.016016575885857328e-09
1.089768804732314638e-09
8.450727998809438964e-09
8.450727998809438964e-09
2.008020706829543435e-07
8.450742981578287241e-09
2.397985362904688394e-08
8.450727998809438964e-09
2.008024352350641268e-07
1.089763507542404308e-09
3.016021923150519159e-09
8.450727998809438964e-09
1.089768804732314638e-09
3.016021923150519159e-09
2.397973293312508907e-08
6.893231132561585102e-08
6.893253313334991818e-08
3.016016575885857328e-09
3.016016575885857328e-09
1.089768804732314638e-09
3.016016575885857328e-09
3.985336542478458217e-10
3.016016575885857328e-09
1.089763507542404308e-09
3.016031236325910755e-09
3.016031236325910755e-09
8.450727998809438964e-09
8.450727998809438964e-09
3.016016575885857328e-09
8.450727998809438964e-09
2.397977646784667917e-08
6.893253313334991818e-08
6.893253313334991818e-08
8.450727998809438964e-09
8.450742981578287241e-09
8.450742981578287241e-09
6.893231132561585102e-08
5.929669752627033846e-07
6.893253313334991818e-08
8.450742981578287241e-09
2.008024352350641268e-07
2.397981019959205044e-08
8.450727998809438964e-09
8.450727998809438964e-09
8.450727998809438964e-09
3.016031236325910755e-09
8.450727998809438964e-09
2.397981019959205044e-08
3.016031236325910755e-09
3.985336542478458217e-10
1.089768804732314638e-09
3.016031236325910755e-09
3.016031236325910755e-09
6.893240829095959839e-08
8.450742981578287241e-09
8.450742981578287241e-09
2.397981019959205044e-08
2.397981019959205044e-08
5.929669752627033846e-07
8.450742981578287241e-09
8.450742981578287241e-09
8.450742981578287241e-09
6.893218618062609456e-08
2.008024352350641268e-07
8.450742981578287241e-09
2.008024352350641268e-07
5.929669752627033846e-07
2.008024352350641268e-07
2.008024352350641268e-07
2.397981019959205044e-08
2.397985362904688394e-08
2.008024352350641268e-07
5.929680757049543939e-07
2.008024352350641268e-07
3.016016575885857328e-09
3.016016575885857328e-09
5.929680757049543939e-07
5.929680757049543939e-07
5.929680757049543939e-07
5.929680757049543939e-07
6.893231132561585102e-08
5.929680757049543939e-07
2.008028078890223453e-07
3.016016575885857328e-09
3.016016575885857328e-09
8.450727998809438964e-09
8.450742981578287241e-09
5.929680757049543939e-07
1.089768804732314638e-09
3.985336542478458217e-10
8.450727998809438964e-09
8.450742981578287241e-09
3.016016575885857328e-09
8.450742981578287241e-09
2.008028078890223453e-07
5.929680757049543939e-07
5.929680757049543939e-07
5.929680757049543939e-07
8.450727998809438964e-09
3.016016575885857328e-09
3.016016575885857328e-09
3.016016575885857328e-09
3.016016575885857328e-09
3.016016575885857328e-09
1.089763507542404308e-09
2.397981019959205044e-08
2.397981019959205044e-08
3.016016575885857328e-09
2.397981019959205044e-08
3.985336542478458217e-10
3.016016575885857328e-09
1.089763507542404308e-09
3.016016575885857328e-09
1.089768804732314638e-09
1.089768804732314638e-09
1.089768804732314638e-09
1.089768804732314638e-09
3.016016575885857328e-09
8.450727998809438964e-09
8.450742981578287241e-09
1.775664456168416008e-06
6.893231132561585102e-08
2.008024352350641268e-07
1.089763507542404308e-09
6.893231132561585102e-08
2.008024352350641268e-07
5.929680757049543939e-07
3.016016575885857328e-09
1.775664456168416008e-06
2.008024352350641268e-07
6.893243925185057178e-08
5.929660842810966493e-07
2.008028078890223453e-07
6.893218618062609456e-08
2.397981019959205044e-08
6.893218618062609456e-08
3.016031236325910755e-09
3.985336542478458217e-10
1.662900375449975559e-05
1.662900375449975559e-05
5.204452560744406186e-05
1.662891230790467778e-05
5.204481181345209931e-05
5.394072202094466527e-06
1.775668866084202626e-06
1.775665327895086510e-06
1.662893824654192594e-05
5.343304235174624892e-04
1.662900375449975559e-05
1.662900375449975559e-05
5.204452560744406186e-05
1.662900375449975559e-05
5.394072202094466527e-06
5.204462961138548013e-05
5.343315173481830421e-04
1.654356069089685472e-04
1.654356069089685472e-04
1.654356069089685472e-04
1.654356069089685472e-04
1.654356069089685472e-04
5.343315173481830421e-04
5.204481181345209931e-05
1.662900375449975559e-05
1.662900375449975559e-05
5.204470810921398385e-05
1.662900375449975559e-05
1.662897061962708198e-05
5.204452560744406186e-05
5.394072202094466527e-06
1.654359455731005770e-04
5.204462961138548013e-05
1.654362926000246467e-04
1.654356069089685472e-04
5.204462961138548013e-05
5.204452560744406186e-05
1.754341989502378012e-03
1.662897957973963095e-05
1.662897061962708198e-05
5.394069836728578785e-06
5.394080337860976681e-06
5.394080337860976681e-06
5.929683668106779727e-07
1.662891230790467778e-05
5.394061422792672680e-06
1.654359455731005770e-04
5.343304235174624892e-04
5.204484532394097773e-05
1.654362926000246467e-04
1.662900375449975559e-05
1.662900375449975559e-05
5.343315173481830421e-04
5.204462961138548013e-05
1.662900375449975559e-05
5.343295571554380506e-04
5.204462961138548013e-05
1.654352763089471487e-04
5.343306815555691047e-04
1.654353386720854838e-04
5.204473615222726213e-05
5.343315173481830421e-04
1.654353386720854838e-04
1.754341989502378012e-03
5.929672124267755850e-07
1.775668866084202626e-06
5.394069836728578785e-06
5.394069836728578785e-06
1.662897061962708198e-05
1.654361860793880157e-04
5.394061422792672680e-06
1.775668866084202626e-06
5.394080337860976681e-06
5.394061422792672680e-06
5.929660842810966493e-07
5.394072202094466527e-06
1.775661871050632100e-06
5.394069836728578785e-06
5.204452560744406186e-05
1.654359455731005770e-04
1.662900375449975559e-05
1.662900375449975559e-05
1.654359455731005770e-04
5.204450777207561226e-05
1.654355343634544091e-04
1.662893824654192594e-05
1.662897061962708198e-05
5.204481181345209931e-05
1.654356069089685472e-04
5.394061422792672680e-06
1.775665327895086510e-06
1.662900375449975559e-05
5.394080337860976681e-06
1.662893824654192594e-05
1.662900375449975559e-05
1.662897061962708198e-05
5.204481181345209931e-05
1.654362926000246467e-04
5.343315173481830421e-04
5.204481181345209931e-05
5.204454522635189887e-05
5.394072202094466527e-06
5.394069836728578785e-06
2.008031889179508819e-07
1.775661871050632100e-06
5.929660842810966493e-07
1.775668866084202626e-06
1.775668866084202626e-06
5.929683668106779727e-07
1.775668866084202626e-06
5.394072202094466527e-06
1.775659101285654213e-06
5.394072202094466527e-06
1.662891230790467778e-05
5.394080337860976681e-06
1.775661871050632100e-06
5.929660842810966493e-07
5.204473615222726213e-05
1.662891230790467778e-05
1.775668866084202626e-06
5.204462961138548013e-05
1.775659101285654213e-06
1.662891230790467778e-05
5.204452560744406186e-05
5.394061422792672680e-06
5.394072202094466527e-06
5.204452560744406186e-05
1.654359455731005770e-04
1.654359455731005770e-04
5.394061422792672680e-06
5.204462961138548013e-05
5.204452560744406186e-05
1.754341989502378012e-03
1.654359455731005770e-04
5.204452560744406186e-05
1.662900375449975559e-05
5.204462961138548013e-05
5.204462961138548013e-05
5.343315173481830421e-04
1.654359455731005770e-04
1.662891230790467778e-05
1.662891230790467778e-05
5.204481181345209931e-05
5.204481181345209931e-05
5.394080337860976681e-06
1.662897957973963095e-05
1.654356069089685472e-04
1.654356069089685472e-04
1.654362926000246467e-04
1.654356069089685472e-04
5.394059574277929137e-06
1.654359455731005770e-04
1.662891230790467778e-05
5.204470810921398385e-05
1.662900375449975559e-05
5.204452560744406186e-05
1.654352763089471487e-04
5.204452560744406186e-05
1.654356069089685472e-04
1.654359455731005770e-04
5.394069836728578785e-06
5.394080337860976681e-06
5.394091086100559551e-06
1.662891230790467778e-05
5.394061422792672680e-06
1.654356069089685472e-04
5.204473615222726213e-05
1.662894553853559159e-05
5.343326381893778558e-04
2.008031889179508819e-07
1.662891230790467778e-05
5.204481181345209931e-05
5.394072202094466527e-06
5.394091086100559551e-06
5.204462961138548013e-05
1.654359455731005770e-04
5.204473615222726213e-05
5.204473615222726213e-05
5.204473615222726213e-05
5.394072202094466527e-06
5.204462961138548013e-05
1.662894553853559159e-05
5.204473615222726213e-05
5.343315173481830421e-04
1.662894553853559159e-05
5.343326381893778558e-04
1.662894553853559159e-05
1.775668866084202626e-06
1.662900375449975559e-05
5.394061422792672680e-06
5.204470810921398385e-05
5.394080337860976681e-06
5.394080337860976681e-06
1.775661871050632100e-06
1.662891230790467778e-05
1.662894553853559159e-05
5.204481181345209931e-05
1.654356069089685472e-04
1.662900375449975559e-05
5.204462961138548013e-05
5.204462961138548013e-05
1.654361860793880157e-04
1.662900375449975559e-05
1.775668866084202626e-06
5.394061422792672680e-06
5.394061422792672680e-06
5.394061422792672680e-06
5.394061422792672680e-06
1.662891230790467778e-05
1.662897061962708198e-05
1.775668866084202626e-06
5.929683668106779727e-07
5.929672124267755850e-07
5.394091086100559551e-06
5.204481181345209931e-05
1.775665327895086510e-06
5.394091086100559551e-06
5.394080337860976681e-06
1.775665327895086510e-06
1.775668866084202626e-06
1.775661871050632100e-06
1.662900375449975559e-05
5.204462961138548013e-05
1.654359455731005770e-04
5.394091086100559551e-06
5.394080337860976681e-06
1.775665327895086510e-06
5.394091086100559551e-06
5.394069836728578785e-06
5.394069836728578785e-06
1.662891230790467778e-05
1.775659101285654213e-06
5.929695483589060148e-07
1.662891230790467778e-05
1.662891230790467778e-05
5.343326381893778558e-04
1.662900375449975559e-05
1.775659101285654213e-06
1.654356069089685472e-04
1.654359455731005770e-04
1.654352763089471487e-04
5.204452560744406186e-05
5.343293557325540363e-04
5.343293557325540363e-04
5.204473615222726213e-05
1.754331212410688030e-03
5.343326381893778558e-04
5.204473615222726213e-05
5.204484532394097773e-05
1.654359455731005770e-04
5.343293557325540363e-04
1.662900375449975559e-05
1.654361860793880157e-04
5.343293557325540363e-04
5.394080337860976681e-06
5.204470810921398385e-05
5.394080337860976681e-06
1.654361860793880157e-04
5.343293557325540363e-04
5.343315173481830421e-04
5.343315173481830421e-04
1.654356069089685472e-04
1.662900375449975559e-05
5.343322941448096306e-04
1.654358564320507566e-04
5.343293557325540363e-04
5.204481181345209931e-05
1.754331212410688030e-03
5.204470810921398385e-05
5.204470810921398385e-05
1.654361860793880157e-04
5.394087925160131452e-06
1.662890660926924285e-05
5.343326381893778558e-04
1.654359455731005770e-04
5.343326381893778558e-04
1.654361860793880157e-04
5.204452560744406186e-05
5.394072202094466527e-06
5.394072202094466527e-06
5.343326381893778558e-04
5.343293557325540363e-04
1.662900375449975559e-05
1.775665327895086510e-06
1.654359455731005770e-04
1.654359455731005770e-04
1.654359455731005770e-04
1.654359455731005770e-04
5.343315173481830421e-04
5.343326381893778558e-04
5.343326381893778558e-04
5.343315173481830421e-04
1.654359455731005770e-04
5.204470810921398385e-05
5.204473615222726213e-05
5.204452560744406186e-05
1.654359455731005770e-04
1.654352763089471487e-04
1.754334718204208316e-03
1.654356069089685472e-04
1.662897061962708198e-05
5.204481181345209931e-05
1.654361860793880157e-04
5.204452560744406186e-05
5.394072202094466527e-06
5.394072202094466527e-06
5.394072202094466527e-06
5.343304235174624892e-04
1.654356069089685472e-04
5.343304235174624892e-04
1.654361860793880157e-04
1.662891230790467778e-05
1.654356069089685472e-04
5.204452560744406186e-05
1.654361860793880157e-04
5.204481181345209931e-05
5.204470810921398385e-05
5.343312294369176839e-04
1.662897061962708198e-05
1.775661871050632100e-06
5.394080337860976681e-06
5.394080337860976681e-06
5.929692008784152582e-07
5.929692008784152582e-07
1.662897061962708198e-05
5.394091086100559551e-06
5.394080337860976681e-06
1.662897061962708198e-05
5.394080337860976681e-06
5.929672124267755850e-07
1.775661871050632100e-06
5.929660842810966493e-07
6.893257005307676646e-08
5.394091086100559551e-06
5.394069836728578785e-06
5.394059574277929137e-06
5.394087925160131452e-06
1.662890660926924285e-05
1.775667825541242687e-06
5.394059574277929137e-06
2.008021335129048993e-07
5.394059574277929137e-06
5.929683668106779727e-07
5.204470810921398385e-05
6.893257005307676646e-08
5.929660842810966493e-07
5.394080337860976681e-06
5.394059574277929137e-06
1.662897061962708198e-05
2.008025155483565461e-07
1.662891230790467778e-05
5.204462961138548013e-05
1.662900375449975559e-05
5.343293557325540363e-04
1.662891230790467778e-05
1.654352763089471487e-04
1.662900375449975559e-05
1.654361860793880157e-04
1.662897061962708198e-05
5.204470810921398385e-05
5.204470810921398385e-05
1.662897061962708198e-05
1.662897061962708198e-05
1.654358564320507566e-04
5.204481181345209931e-05
5.394069836728578785e-06
1.662897061962708198e-05
5.343304235174624892e-04
1.654361860793880157e-04
5.929692008784152582e-07
1.654361860793880157e-04
1.654361860793880157e-04
5.204470810921398385e-05
1.662897061962708198e-05
1.662897061962708198e-05
5.204470810921398385e-05
1.754334718204208316e-03
5.204470810921398385e-05
1.654352763089471487e-04
1.654359455731005770e-04
5.394072202094466527e-06
5.394072202094466527e-06
5.204462961138548013e-05
1.662897957973963095e-05
1.654359455731005770e-04
5.204452560744406186e-05
5.343315173481830421e-04
1.654362926000246467e-04
1.754338309512265461e-03
5.204484532394097773e-05
5.343315173481830421e-04
5.204470810921398385e-05
1.662897061962708198e-05
1.754338309512265461e-03
1.654361860793880157e-04
5.394091086100559551e-06
1.662900375449975559e-05
5.204470810921398385e-05
5.929672124267755850e-07
1.775658492777292267e-06
5.204452560744406186e-05
5.204452560744406186e-05
5.394083244328744015e-06
5.343315173481830421e-04
5.204462961138548013e-05
1.654359455731005770e-04
5.394080337860976681e-06
1.662897061962708198e-05
1.662897061962708198e-05
1.662900375449975559e-05
5.204462961138548013e-05
5.394080337860976681e-06
1.662891230790467778e-05
5.204452560744406186e-05
5.394091086100559551e-06
5.394069836728578785e-06
5.929683668106779727e-07
5.204473615222726213e-05
1.662900375449975559e-05
5.394061422792672680e-06
1.775668866084202626e-06
5.394080337860976681e-06
1.662894553853559159e-05
1.662891230790467778e-05
5.394072202094466527e-06
5.204462961138548013e-05
5.394061422792672680e-06
5.343293557325540363e-04
1.662897061962708198e-05
1.654359455731005770e-04
1.654361860793880157e-04
5.929672124267755850e-07
1.775661871050632100e-06
1.775665327895086510e-06
5.929672124267755850e-07
1.775668866084202626e-06
1.654352763089471487e-04
5.394072202094466527e-06
5.394061422792672680e-06
1.662897061962708198e-05
1.662894553853559159e-05
5.394091086100559551e-06
5.204452560744406186e-05
1.775668866084202626e-06
1.662891230790467778e-05
5.204452560744406186e-05
1.654359455731005770e-04
5.394091086100559551e-06
1.654356069089685472e-04
1.654356069089685472e-04
5.204452560744406186e-05
5.394080337860976681e-06
1.654359455731005770e-04
5.204452560744406186e-05
1.654352763089471487e-04
5.343315173481830421e-04
5.343315173481830421e-04
5.343315173481830421e-04
1.662897061962708198e-05
1.654361860793880157e-04
1.654361860793880157e-04
5.204452560744406186e-05
5.343293557325540363e-04
5.204470810921398385e-05
1.654352763089471487e-04
1.662900375449975559e-05
1.654352763089471487e-04
5.204462961138548013e-05
5.204462961138548013e-05
5.204462961138548013e-05
5.204452560744406186e-05
5.394069836728578785e-06
1.662893824654192594e-05
1.775667825541242687e-06
1.775667825541242687e-06
2.008031889179508819e-07
1.775667825541242687e-06
1.662893824654192594e-05
5.204462961138548013e-05
5.394059574277929137e-06
1.662900375449975559e-05
2.008031889179508819e-07
2.008031889179508819e-07
5.929683668106779727e-07
2.008031889179508819e-07
5.394087925160131452e-06
2.008031889179508819e-07
1.775667825541242687e-06
5.929680757049543939e-07
5.929680757049543939e-07
5.394059574277929137e-06
1.775667825541242687e-06
5.929680757049543939e-07
6.893257005307676646e-08
6.893231132561585102e-08
5.929660842810966493e-07
5.394069836728578785e-06
5.204452560744406186e-05
5.204452560744406186e-05
1.654356069089685472e-04
5.394091086100559551e-06
1.662891230790467778e-05
1.662893824654192594e-05
1.662900375449975559e-05
1.662894553853559159e-05
5.394061422792672680e-06
1.662891230790467778e-05
1.662891230790467778e-05
5.204452560744406186e-05
1.662891230790467778e-05
1.662900375449975559e-05
5.394087925160131452e-06
2.008028078890223453e-07
2.008028078890223453e-07
1.775667825541242687e-06
5.394059574277929137e-06
5.204460678918605471e-05
1.662893824654192594e-05
5.394087925160131452e-06
5.929672124267755850e-07
5.929672124267755850e-07
1.775667825541242687e-06
5.929672124267755850e-07
1.775665327895086510e-06
1.775668866084202626e-06
1.775668866084202626e-06
1.775668866084202626e-06
6.893220774916156708e-08
1.775661871050632100e-06
5.929683668106779727e-07
5.929660842810966493e-07
1.654358564320507566e-04
5.394061422792672680e-06
5.204484532394097773e-05
5.343304235174624892e-04
5.204452560744406186e-05
1.654356069089685472e-04
5.343315173481830421e-04
1.654356069089685472e-04
5.204462961138548013e-05
1.662894553853559159e-05
5.343326381893778558e-04
1.654356069089685472e-04
5.204452560744406186e-05
5.204462961138548013e-05
1.662891230790467778e-05
5.204452560744406186e-05
5.343315173481830421e-04
5.929672124267755850e-07
5.343295571554380506e-04
1.654362926000246467e-04
5.204473615222726213e-05
5.204473615222726213e-05
1.654362926000246467e-04
1.654352763089471487e-04
5.204484532394097773e-05
5.204452560744406186e-05
5.204473615222726213e-05
1.654353386720854838e-04
1.654353386720854838e-04
5.394061422792672680e-06
5.929683668106779727e-07
1.662897061962708198e-05
5.929683668106779727e-07
5.204481181345209931e-05
5.204473615222726213e-05
5.204473615222726213e-05
1.662900375449975559e-05
5.204484532394097773e-05
5.204473615222726213e-05
1.654353386720854838e-04
5.204484532394097773e-05
5.343304235174624892e-04
1.662897957973963095e-05
5.204484532394097773e-05
5.204473615222726213e-05
5.204473615222726213e-05
5.343295571554380506e-04
5.394061422792672680e-06
5.204481181345209931e-05
1.662900375449975559e-05
5.394087925160131452e-06
5.929672124267755850e-07
1.775658492777292267e-06
1.662897061962708198e-05
5.929672124267755850e-07
5.929672124267755850e-07
1.654352763089471487e-04
5.929672124267755850e-07
1.775658492777292267e-06
5.204470810921398385e-05
5.343304235174624892e-04
1.662897957973963095e-05
5.394080337860976681e-06
5.394080337860976681e-06
1.662900375449975559e-05
1.662891230790467778e-05
5.394061422792672680e-06
1.662900375449975559e-05
5.204473615222726213e-05
5.394061422792672680e-06
5.204452560744406186e-05
1.654359455731005770e-04
5.343315173481830421e-04
5.343315173481830421e-04
5.204452560744406186e-05
1.662891230790467778e-05
5.394061422792672680e-06
5.204473615222726213e-05
5.394061422792672680e-06
5.204452560744406186e-05
5.343304235174624892e-04
1.662891230790467778e-05
5.204462961138548013e-05
5.204481181345209931e-05
1.654352763089471487e-04
5.204452560744406186e-05
2.008025155483565461e-07
5.204473615222726213e-05
1.654362926000246467e-04
5.204473615222726213e-05
1.654353386720854838e-04
5.204473615222726213e-05
1.662894553853559159e-05
5.343295571554380506e-04
1.654362926000246467e-04
5.204484532394097773e-05
5.343295571554380506e-04
5.343315173481830421e-04
5.343295571554380506e-04
1.654353386720854838e-04
5.343315173481830421e-04
1.654362926000246467e-04
1.654362926000246467e-04
1.654362926000246467e-04
5.343295571554380506e-04
1.654362926000246467e-04
1.654353386720854838e-04
5.204452560744406186e-05
1.775659101285654213e-06
1.662894553853559159e-05
1.662897061962708198e-05
5.204452560744406186e-05
1.775668866084202626e-06
1.775658492777292267e-06
1.775661871050632100e-06
2.008031889179508819e-07
1.662891230790467778e-05
1.775659101285654213e-06
5.204462961138548013e-05
1.775668866084202626e-06
1.775668866084202626e-06
5.394061422792672680e-06
1.662894553853559159e-05
5.394091086100559551e-06
5.394061422792672680e-06
1.662894553853559159e-05
5.204462961138548013e-05
1.662894553853559159e-05
5.394091086100559551e-06
1.662894553853559159e-05
5.204452560744406186e-05
5.394061422792672680e-06
1.662897957973963095e-05
1.662894553853559159e-05
1.662894553853559159e-05
1.662897957973963095e-05
5.394061422792672680e-06
1.775659101285654213e-06
5.394061422792672680e-06
5.394061422792672680e-06
5.394061422792672680e-06
1.775668866084202626e-06
1.754335565405094150e-03
1.654362926000246467e-04
5.343315173481830421e-04
1.754335565405094150e-03
5.343306815555691047e-04
1.654362926000246467e-04
5.343306815555691047e-04
5.343295571554380506e-04
5.343295571554380506e-04
5.204473615222726213e-05
5.343295571554380506e-04
1.654362926000246467e-04
1.654362926000246467e-04
5.204473615222726213e-05
1.654362926000246467e-04
1.754335565405094150e-03
5.204473615222726213e-05
5.343295571554380506e-04
5.343295571554380506e-04
5.343295571554380506e-04
1.654362926000246467e-04
1.654362926000246467e-04
1.754341989502378012e-03
1.754334718204208316e-03
1.654352763089471487e-04
5.204473615222726213e-05
5.343315173481830421e-04
1.654362926000246467e-04
5.343315173481830421e-04
5.204473615222726213e-05
1.654356069089685472e-04
1.754338309512265461e-03
5.343304235174624892e-04
1.654356069089685472e-04
5.204452560744406186e-05
5.394061422792672680e-06
1.654356069089685472e-04
1.654362926000246467e-04
1.654362926000246467e-04
5.343295571554380506e-04
5.343315173481830421e-04
1.754341989502378012e-03
1.754335565405094150e-03
1.654353386720854838e-04
1.754335565405094150e-03
1.754335565405094150e-03
5.204484532394097773e-05
1.654353386720854838e-04
1.775659101285654213e-06
1.775668866084202626e-06
5.394061422792672680e-06
1.754339351746442462e-03
1.754328807614163790e-03
5.929683668106779727e-07
5.929683668106779727e-07
5.929683668106779727e-07
5.929695483589060148e-07
5.929683668106779727e-07
5.929695483589060148e-07
5.929683668106779727e-07
5.929683668106779727e-07
5.929683668106779727e-07
5.929683668106779727e-07
5.929683668106779727e-07
5.929683668106779727e-07
5.929683668106779727e-07
1.775668866084202626e-06
5.929695483589060148e-07
5.929683668106779727e-07
5.394072202094466527e-06
5.394072202094466527e-06
1.775659101285654213e-06
5.929683668106779727e-07
1.775659101285654213e-06
1.775659101285654213e-06
2.008025155483565461e-07
5.929683668106779727e-07
1.775659101285654213e-06
2.008025155483565461e-07
5.929695483589060148e-07
1.775659101285654213e-06
5.929683668106779727e-07
5.929695483589060148e-07
5.929695483589060148e-07
1.775659101285654213e-06
1.775659101285654213e-06
5.929695483589060148e-07
5.929695483589060148e-07
5.929695483589060148e-07
5.929683668106779727e-07
1.775659101285654213e-06
5.929683668106779727e-07
5.929695483589060148e-07
5.929695483589060148e-07
1.775668866084202626e-06
5.929683668106779727e-07
2.008025155483565461e-07
1.775659101285654213e-06
5.929683668106779727e-07
5.394072202094466527e-06
1.775659101285654213e-06
5.929695483589060148e-07
5.204484532394097773e-05
5.204484532394097773e-05
5.394072202094466527e-06
5.929695483589060148e-07
5.929695483589060148e-07
1.662897957973963095e-05
5.394072202094466527e-06
1.662897957973963095e-05
5.204484532394097773e-05
1.754341989502378012e-03
5.343318347889597234e-04
5.343306815555691047e-04
1.754341989502378012e-03
5.343295571554380506e-04
5.204473615222726213e-05
1.662900375449975559e-05
1.654352763089471487e-04
1.662900375449975559e-05
5.204481181345209931e-05
1.654361860793880157e-04
5.204481181345209931e-05
1.654361860793880157e-04
1.654361860793880157e-04
5.204481181345209931e-05
1.654361860793880157e-04
5.204452560744406186e-05
5.204452560744406186e-05
5.204452560744406186e-05
5.204452560744406186e-05
5.204452560744406186e-05
5.204452560744406186e-05
1.654356069089685472e-04
5.204470810921398385e-05
1.654361860793880157e-04
5.204481181345209931e-05
5.204481181345209931e-05
1.654352763089471487e-04
5.204452560744406186e-05
5.204481181345209931e-05
1.654361860793880157e-04
5.204462961138548013e-05
1.654361860793880157e-04
1.654361860793880157e-04
1.654361860793880157e-04
5.204481181345209931e-05
5.204481181345209931e-05
5.343293557325540363e-04
5.394087925160131452e-06
5.394087925160131452e-06
5.204460678918605471e-05
5.204450777207561226e-05
5.343322941448096306e-04
1.662890660926924285e-05
1.662890660926924285e-05
5.204450777207561226e-05
1.654355343634544091e-04
1.662890660926924285e-05
5.204460678918605471e-05
5.343293557325540363e-04
5.343293557325540363e-04
1.754334718204208316e-03
5.343293557325540363e-04
1.654361860793880157e-04
5.343293557325540363e-04
5.343293557325540363e-04
5.204481181345209931e-05
1.654361860793880157e-04
5.204481181345209931e-05
1.662890660926924285e-05
1.654361860793880157e-04
1.654361860793880157e-04
5.204460678918605471e-05
5.204470810921398385e-05
1.654361860793880157e-04
5.343312294369176839e-04
5.204460678918605471e-05
1.654361860793880157e-04
5.204460678918605471e-05
5.204460678918605471e-05
5.204460678918605471e-05
1.654355343634544091e-04
1.654355343634544091e-04
1.654358564320507566e-04
1.654361860793880157e-04
5.204460678918605471e-05
1.654361860793880157e-04
5.204460678918605471e-05
5.204460678918605471e-05
5.204460678918605471e-05
5.204460678918605471e-05
5.204460678918605471e-05
5.204460678918605471e-05
1.654361860793880157e-04
1.654361860793880157e-04
1.654361860793880157e-04
1.654361860793880157e-04
1.654361860793880157e-04
1.654361860793880157e-04
5.204460678918605471e-05
5.343322941448096306e-04
1.654355343634544091e-04
5.394087925160131452e-06
1.654355343634544091e-04
5.204481181345209931e-05
1.654361860793880157e-04
1.654361860793880157e-04
1.654361860793880157e-04
1.654361860793880157e-04
1.654361860793880157e-04
1.654361860793880157e-04
5.204481181345209931e-05
1.654356069089685472e-04
5.204481181345209931e-05
5.204481181345209931e-05
5.204470810921398385e-05
1.662900375449975559e-05
1.654352763089471487e-04
1.662900375449975559e-05
1.662900375449975559e-05
1.654352763089471487e-04
5.204481181345209931e-05
5.204481181345209931e-05
5.204481181345209931e-05
1.662897061962708198e-05
5.204481181345209931e-05
1.654352763089471487e-04
1.654352763089471487e-04
5.204481181345209931e-05
1.662900375449975559e-05
5.204481181345209931e-05
1.662900375449975559e-05
1.662900375449975559e-05
1.662900375449975559e-05
1.662900375449975559e-05
1.662900375449975559e-05
5.204452560744406186e-05
5.204452560744406186e-05
5.204452560744406186e-05
1.662900375449975559e-05
5.394069836728578785e-06
5.343304235174624892e-04
5.394069836728578785e-06
1.654352763089471487e-04
5.204481181345209931e-05
1.654361860793880157e-04
1.654352763089471487e-04
1.654361860793880157e-04
5.204470810921398385e-05
5.204452560744406186e-05
1.662900375449975559e-05
5.204481181345209931e-05
5.204481181345209931e-05
5.204481181345209931e-05
1.654352763089471487e-04
5.343304235174624892e-04
1.654352763089471487e-04
1.654352763089471487e-04
5.343304235174624892e-04
5.343304235174624892e-04
1.654352763089471487e-04
1.654352763089471487e-04
5.343304235174624892e-04
1.654352763089471487e-04
5.204481181345209931e-05
5.343304235174624892e-04
5.343304235174624892e-04
5.343304235174624892e-04
5.343304235174624892e-04
5.343293557325540363e-04
1.654352763089471487e-04
5.343304235174624892e-04
5.343304235174624892e-04
1.654352763089471487e-04
1.654352763089471487e-04
5.204452560744406186e-05
5.204452560744406186e-05
5.204452560744406186e-05
5.204452560744406186e-05
1.654356069089685472e-04
1.654356069089685472e-04
1.654356069089685472e-04
1.654352763089471487e-04
5.204452560744406186e-05
5.204452560744406186e-05
5.204452560744406186e-05
5.204452560744406186e-05
1.662900375449975559e-05
1.662900375449975559e-05
1.654352763089471487e-04
1.654361860793880157e-04
1.654361860793880157e-04
5.204481181345209931e-05
5.204452560744406186e-05
5.204452560744406186e-05
5.204481181345209931e-05
1.662900375449975559e-05
5.204481181345209931e-05
5.204481181345209931e-05
5.204481181345209931e-05
1.662900375449975559e-05
5.204452560744406186e-05
5.204452560744406186e-05
1.662900375449975559e-05
5.204452560744406186e-05
5.204452560744406186e-05
5.204452560744406186e-05
5.204452560744406186e-05
5.204481181345209931e-05
5.204481181345209931e-05
5.204452560744406186e-05
1.654352763089471487e-04
1.654361860793880157e-04
5.343312294369176839e-04
1.654361860793880157e-04
5.204452560744406186e-05
5.204452560744406186e-05
5.204452560744406186e-05
5.204452560744406186e-05
5.204452560744406186e-05
1.654352763089471487e-04
1.654352763089471487e-04
1.654352763089471487e-04
1.654352763089471487e-04
1.654361860793880157e-04
1.654361860793880157e-04
1.654361860793880157e-04
5.204481181345209931e-05
1.654361860793880157e-04
5.204481181345209931e-05
1.654361860793880157e-04
1.654361860793880157e-04
1.654352763089471487e-04
1.654361860793880157e-04
1.654361860793880157e-04
1.654361860793880157e-04
1.654361860793880157e-04
1.654361860793880157e-04
1.654352763089471487e-04
1.654352763089471487e-04
1.654352763089471487e-04
1.654361860793880157e-04
1.654361860793880157e-04
1.654352763089471487e-04
1.654352763089471487e-04
5.204470810921398385e-05
5.204470810921398385e-05
5.204452560744406186e-05
5.343293557325540363e-04
1.654352763089471487e-04
1.654352763089471487e-04
1.654361860793880157e-04
5.204481181345209931e-05
5.204470810921398385e-05
5.204470810921398385e-05
1.654352763089471487e-04
1.754338309512265461e-03
1.754334718204208316e-03
1.754334718204208316e-03
5.204452560744406186e-05
1.654356069089685472e-04
1.654356069089685472e-04
5.204452560744406186e-05
1.654352763089471487e-04
5.204452560744406186e-05
5.204452560744406186e-05
5.204452560744406186e-05
1.654352763089471487e-04
1.654361860793880157e-04
1.654361860793880157e-04
1.654361860793880157e-04
1.654352763089471487e-04
1.654352763089471487e-04
1.654361860793880157e-04
1.654361860793880157e-04
5.204470810921398385e-05
5.394059574277929137e-06
1.654358564320507566e-04
5.204460678918605471e-05
5.204460678918605471e-05
5.204460678918605471e-05
1.662890660926924285e-05
1.662897061962708198e-05
1.754341989502378012e-03
1.654352763089471487e-04
1.654352763089471487e-04
5.343315173481830421e-04
5.204452560744406186e-05
5.204452560744406186e-05
1.654358564320507566e-04
5.204460678918605471e-05
1.654358564320507566e-04
1.654361860793880157e-04
1.654355343634544091e-04
1.654355343634544091e-04
1.654355343634544091e-04
1.654355343634544091e-04
1.654355343634544091e-04
1.654355343634544091e-04
5.343312294369176839e-04
5.343312294369176839e-04
1.654361860793880157e-04
1.654361860793880157e-04
1.654361860793880157e-04
5.343293557325540363e-04
5.204460678918605471e-05
5.204460678918605471e-05
5.204460678918605471e-05
5.204460678918605471e-05
5.204460678918605471e-05
5.204460678918605471e-05
1.654355343634544091e-04
1.654355343634544091e-04
5.204460678918605471e-05
5.204460678918605471e-05
1.654361860793880157e-04
1.654361860793880157e-04
1.654361860793880157e-04
5.343293557325540363e-04
5.204460678918605471e-05
5.204470810921398385e-05
5.204470810921398385e-05
5.204460678918605471e-05
5.343322941448096306e-04
5.204460678918605471e-05
5.204460678918605471e-05
5.204450777207561226e-05
5.204470810921398385e-05
5.204470810921398385e-05
1.654361860793880157e-04
5.343293557325540363e-04
5.343293557325540363e-04
1.654352763089471487e-04
1.662893824654192594e-05
1.662893824654192594e-05
5.204460678918605471e-05
5.204470810921398385e-05
5.204481181345209931e-05
5.204460678918605471e-05
1.662893824654192594e-05
1.662893824654192594e-05
1.662893824654192594e-05
5.394059574277929137e-06
5.394059574277929137e-06
5.204460678918605471e-05
1.654358564320507566e-04
1.662900375449975559e-05
5.204481181345209931e-05
1.654361860793880157e-04
5.394059574277929137e-06
5.394059574277929137e-06
1.662893824654192594e-05
1.662890660926924285e-05
1.662897061962708198e-05
1.662897061962708198e-05
1.662897061962708198e-05
5.204481181345209931e-05
5.204452560744406186e-05
5.204452560744406186e-05
5.204470810921398385e-05
5.204470810921398385e-05
1.662897061962708198e-05
1.654352763089471487e-04
1.654361860793880157e-04
5.343293557325540363e-04
5.204452560744406186e-05
5.204452560744406186e-05
5.204470810921398385e-05
1.662897061962708198e-05
1.654361860793880157e-04
1.654352763089471487e-04
1.654361860793880157e-04
1.654361860793880157e-04
5.343293557325540363e-04
1.662893824654192594e-05
5.394059574277929137e-06
1.662897061962708198e-05
1.662893824654192594e-05
5.204470810921398385e-05
1.662893824654192594e-05
5.204460678918605471e-05
5.204460678918605471e-05
5.204460678918605471e-05
5.204460678918605471e-05
5.204460678918605471e-05
5.204460678918605471e-05
5.204460678918605471e-05
1.662893824654192594e-05
5.204460678918605471e-05
5.204460678918605471e-05
1.662893824654192594e-05
5.394059574277929137e-06
1.662893824654192594e-05
1.662893824654192594e-05
1.662893824654192594e-05
1.662893824654192594e-05
1.662893824654192594e-05
1.775667825541242687e-06
1.662893824654192594e-05
1.662897061962708198e-05
5.204460678918605471e-05
1.654361860793880157e-04
5.204460678918605471e-05
5.394059574277929137e-06
1.662893824654192594e-05
5.204460678918605471e-05
5.204460678918605471e-05
5.204460678918605471e-05
5.204481181345209931e-05
5.394059574277929137e-06
5.204460678918605471e-05
1.662893824654192594e-05
1.662893824654192594e-05
1.662893824654192594e-05
1.662893824654192594e-05
1.662893824654192594e-05
5.204460678918605471e-05
5.204450777207561226e-05
1.662893824654192594e-05
1.662893824654192594e-05
5.204452560744406186e-05
1.662897061962708198e-05
1.662897061962708198e-05
1.662897061962708198e-05
1.662897061962708198e-05
5.204470810921398385e-05
5.204470810921398385e-05
5.204470810921398385e-05
5.204470810921398385e-05
5.204470810921398385e-05
1.662893824654192594e-05
1.662893824654192594e-05
5.394059574277929137e-06
1.662897061962708198e-05
5.204470810921398385e-05
1.662893824654192594e-05
1.662893824654192594e-05
5.204460678918605471e-05
1.662893824654192594e-05
1.662893824654192594e-05
1.662893824654192594e-05
1.662893824654192594e-05
1.662893824654192594e-05
5.204460678918605471e-05
5.204460678918605471e-05
1.662893824654192594e-05
1.662893824654192594e-05
1.662893824654192594e-05
1.662893824654192594e-05
5.204460678918605471e-05
1.662890660926924285e-05
1.662890660926924285e-05
1.654358564320507566e-04
5.204470810921398385e-05
1.654352763089471487e-04
5.204452560744406186e-05
1.654352763089471487e-04
5.204452560744406186e-05
5.204470810921398385e-05
5.204460678918605471e-05
5.204460678918605471e-05
1.654361860793880157e-04
5.204460678918605471e-05
1.662893824654192594e-05
1.654361860793880157e-04
1.654361860793880157e-04
5.204460678918605471e-05
5.204460678918605471e-05
1.662893824654192594e-05
1.662893824654192594e-05
5.204460678918605471e-05
5.204460678918605471e-05
1.662893824654192594e-05
1.662893824654192594e-05
5.204460678918605471e-05
5.204460678918605471e-05
5.204460678918605471e-05
1.662893824654192594e-05
5.204460678918605471e-05
5.204460678918605471e-05
1.654358564320507566e-04
5.204460678918605471e-05
5.204460678918605471e-05
1.662893824654192594e-05
5.204460678918605471e-05
5.204460678918605471e-05
1.662893824654192594e-05
1.662893824654192594e-05
1.662893824654192594e-05
1.662893824654192594e-05
5.204460678918605471e-05
1.662893824654192594e-05
5.204460678918605471e-05
5.204460678918605471e-05
5.204460678918605471e-05
5.204450777207561226e-05
5.204450777207561226e-05
5.204450777207561226e-05
1.662890660926924285e-05
5.204460678918605471e-05
1.662890660926924285e-05
1.662890660926924285e-05
5.204460678918605471e-05
5.204460678918605471e-05
5.204460678918605471e-05
1.654358564320507566e-04
5.204470810921398385e-05
5.204460678918605471e-05
5.204460678918605471e-05
5.204460678918605471e-05
5.204460678918605471e-05
1.662893824654192594e-05
5.204481181345209931e-05
1.662897061962708198e-05
5.204470810921398385e-05
1.654361860793880157e-04
1.654361860793880157e-04
1.654361860793880157e-04
1.654361860793880157e-04
1.654361860793880157e-04
5.204460678918605471e-05
5.204460678918605471e-05
5.204460678918605471e-05
1.662893824654192594e-05
5.204481181345209931e-05
1.662897061962708198e-05
1.654361860793880157e-04
5.204460678918605471e-05
5.204460678918605471e-05
1.654361860793880157e-04
1.662897061962708198e-05
1.654361860793880157e-04
5.204481181345209931e-05
5.204481181345209931e-05
5.204481181345209931e-05
1.662897061962708198e-05
5.204481181345209931e-05
5.204470810921398385e-05
5.204460678918605471e-05
1.662893824654192594e-05
5.343322941448096306e-04
1.654361860793880157e-04
5.343322941448096306e-04
1.654355343634544091e-04
5.343322941448096306e-04
1.654355343634544091e-04
1.662897061962708198e-05
5.394059574277929137e-06
1.662893824654192594e-05
5.204481181345209931e-05
1.662900375449975559e-05
5.204460678918605471e-05
5.204460678918605471e-05
1.662890660926924285e-05
1.775658492777292267e-06
5.394080337860976681e-06
5.204481181345209931e-05
1.775667825541242687e-06
1.662893824654192594e-05
5.204462961138548013e-05
5.204452560744406186e-05
1.654361860793880157e-04
5.204481181345209931e-05
5.204481181345209931e-05
5.204481181345209931e-05
5.204452560744406186e-05
5.204452560744406186e-05
5.204452560744406186e-05
5.204452560744406186e-05
5.204452560744406186e-05
5.204460678918605471e-05
1.662893824654192594e-05
1.662893824654192594e-05
5.204462961138548013e-05
5.204470810921398385e-05
5.204481181345209931e-05
5.204452560744406186e-05
1.654361860793880157e-04
1.654361860793880157e-04
1.654352763089471487e-04
5.343293557325540363e-04
1.654361860793880157e-04
5.343293557325540363e-04
5.343293557325540363e-04
1.654361860793880157e-04
1.654352763089471487e-04
1.654352763089471487e-04
1.654361860793880157e-04
1.654358564320507566e-04
1.654352763089471487e-04
5.204470810921398385e-05
5.343293557325540363e-04
1.654361860793880157e-04
5.204481181345209931e-05
1.754331212410688030e-03
5.343293557325540363e-04
5.343293557325540363e-04
1.754334718204208316e-03
5.343293557325540363e-04
1.654352763089471487e-04
1.654361860793880157e-04
5.204481181345209931e-05
1.654352763089471487e-04
1.654361860793880157e-04
1.654361860793880157e-04
5.204470810921398385e-05
1.654361860793880157e-04
1.654352763089471487e-04
1.654361860793880157e-04
1.654361860793880157e-04
1.654361860793880157e-04
5.204460678918605471e-05
1.654355343634544091e-04
5.343315173481830421e-04
1.754338309512265461e-03
1.654352763089471487e-04
1.654352763089471487e-04
1.654352763089471487e-04
1.654352763089471487e-04
1.654352763089471487e-04
1.654352763089471487e-04
1.654352763089471487e-04
1.654352763089471487e-04
1.654352763089471487e-04
5.343304235174624892e-04
1.654352763089471487e-04
5.343315173481830421e-04
5.343315173481830421e-04
1.754341989502378012e-03
5.204462961138548013e-05
1.654356069089685472e-04
5.204452560744406186e-05
1.654356069089685472e-04
5.204462961138548013e-05
5.204452560744406186e-05
1.654356069089685472e-04
5.204452560744406186e-05
5.204481181345209931e-05
5.204452560744406186e-05
5.204452560744406186e-05
5.204452560744406186e-05
5.204452560744406186e-05
1.654356069089685472e-04
5.204452560744406186e-05
5.343293557325540363e-04
5.343304235174624892e-04
5.343304235174624892e-04
1.654352763089471487e-04
1.654352763089471487e-04
1.754338309512265461e-03
5.204452560744406186e-05
5.343315173481830421e-04
5.343293557325540363e-04
5.343304235174624892e-04
1.754334718204208316e-03
5.343304235174624892e-04
5.343304235174624892e-04
1.654352763089471487e-04
5.204462961138548013e-05
1.654352763089471487e-04
1.654356069089685472e-04
1.654356069089685472e-04
5.204452560744406186e-05
5.343304235174624892e-04
5.343304235174624892e-04
1.754334718204208316e-03
1.654352763089471487e-04
1.754341989502378012e-03
1.654352763089471487e-04
1.654352763089471487e-04
5.343304235174624892e-04
1.754334718204208316e-03
5.343293557325540363e-04
1.754334718204208316e-03
1.754338309512265461e-03
1.654352763089471487e-04
1.654352763089471487e-04
1.654352763089471487e-04
1.754334718204208316e-03
1.654352763089471487e-04
5.204452560744406186e-05
5.204452560744406186e-05
1.654356069089685472e-04
5.343304235174624892e-04
5.343304235174624892e-04
5.343304235174624892e-04
5.343304235174624892e-04
5.204452560744406186e-05
5.204452560744406186e-05
5.204452560744406186e-05
5.204452560744406186e-05
5.204452560744406186e-05
5.204452560744406186e-05
1.654352763089471487e-04
5.204452560744406186e-05
1.654352763089471487e-04
1.654352763089471487e-04
1.654352763089471487e-04
1.654352763089471487e-04
1.654352763089471487e-04
5.204481181345209931e-05
1.654352763089471487e-04
5.204452560744406186e-05
1.654361860793880157e-04
1.654361860793880157e-04
1.654361860793880157e-04
5.204452560744406186e-05
5.204462961138548013e-05
1.654359455731005770e-04
1.654352763089471487e-04
5.204481181345209931e-05
5.204481181345209931e-05
5.204481181345209931e-05
5.204462961138548013e-05
1.654359455731005770e-04
1.662897061962708198e-05
1.654359455731005770e-04
1.654352763089471487e-04
1.654352763089471487e-04
5.343304235174624892e-04
5.343293557325540363e-04
5.343304235174624892e-04
5.343304235174624892e-04
1.654352763089471487e-04
1.654352763089471487e-04
1.654352763089471487e-04
5.204452560744406186e-05
5.204481181345209931e-05
1.654352763089471487e-04
5.204481181345209931e-05
5.204481181345209931e-05
5.204452560744406186e-05
5.204452560744406186e-05
5.204452560744406186e-05
5.204452560744406186e-05
5.204452560744406186e-05
5.204452560744406186e-05
5.204452560744406186e-05
5.204481181345209931e-05
1.662897061962708198e-05
5.204452560744406186e-05
1.654352763089471487e-04
5.204452560744406186e-05
5.204452560744406186e-05
5.204452560744406186e-05
5.204452560744406186e-05
5.204452560744406186e-05
5.204452560744406186e-05
1.654352763089471487e-04
5.204452560744406186e-05
5.204452560744406186e-05
5.204452560744406186e-05
5.204452560744406186e-05
5.204452560744406186e-05
5.204452560744406186e-05
5.204452560744406186e-05
5.204452560744406186e-05
1.654352763089471487e-04
5.343293557325540363e-04
1.654352763089471487e-04
5.343315173481830421e-04
5.343293557325540363e-04
1.654356069089685472e-04
5.343304235174624892e-04
1.654356069089685472e-04
1.654356069089685472e-04
1.654352763089471487e-04
5.343315173481830421e-04
1.654352763089471487e-04
1.654361860793880157e-04
5.204452560744406186e-05
1.662897061962708198e-05
1.654352763089471487e-04
1.654352763089471487e-04
5.204452560744406186e-05
1.662897061962708198e-05
1.662897061962708198e-05
1.662897061962708198e-05
1.654352763089471487e-04
5.204452560744406186e-05
1.662897061962708198e-05
5.204452560744406186e-05
5.204452560744406186e-05
5.204452560744406186e-05
1.654356069089685472e-04
1.662891230790467778e-05
5.343315173481830421e-04
1.775661871050632100e-06
5.929660842810966493e-07
5.204452560744406186e-05
1.662891230790467778e-05
5.343326381893778558e-04
1.654353386720854838e-04
2.397977646784667917e-08
2.008031889179508819e-07
2.397977646784667917e-08
5.929672124267755850e-07
2.008021335129048993e-07
1.775668866084202626e-06
1.775665327895086510e-06
1.775667825541242687e-06
1.775661871050632100e-06
5.929672124267755850e-07
1.775658492777292267e-06
5.929672124267755850e-07
1.775658492777292267e-06
5.929680757049543939e-07
1.775658492777292267e-06
5.929680757049543939e-07
1.775658492777292267e-06
5.929672124267755850e-07
5.929672124267755850e-07
5.394091086100559551e-06
1.662894553853559159e-05
2.008025155483565461e-07
1.775659101285654213e-06
2.008029064691134794e-07
5.929683668106779727e-07
5.929683668106779727e-07
2.008021335129048993e-07
3.985336542478458217e-10
2.008021335129048993e-07
2.008021335129048993e-07
2.008025155483565461e-07
5.204462961138548013e-05
2.008021335129048993e-07
1.775659101285654213e-06
1.775659101285654213e-06
5.929695483589060148e-07
5.929695483589060148e-07
2.008029064691134794e-07
2.008025155483565461e-07
2.008021335129048993e-07
5.929695483589060148e-07
2.008021335129048993e-07
6.893257005307676646e-08
5.929683668106779727e-07
1.662894553853559159e-05
5.929683668106779727e-07
1.775668866084202626e-06
1.662894553853559159e-05
6.893231132561585102e-08
8.450715752044444963e-09
8.450715752044444963e-09
2.397973293312508907e-08
6.893231132561585102e-08
8.450758286584741564e-09
2.397977646784667917e-08
8.450731094148483996e-09
5.929660842810966493e-07
5.929669752627033846e-07
2.008028078890223453e-07
2.397973293312508907e-08
2.008024352350641268e-07
2.008024352350641268e-07
2.397985362904688394e-08
6.893218618062609456e-08
6.893231132561585102e-08
6.893243925185057178e-08
2.397982097009021397e-08
2.397982097009021397e-08
2.397982097009021397e-08
6.893243925185057178e-08
6.893243925185057178e-08
8.450715752044444963e-09
2.397982097009021397e-08
6.893257005307676646e-08
8.450715752044444963e-09
2.397982097009021397e-08
2.397982097009021397e-08
2.397982097009021397e-08
2.397977646784667917e-08
8.450731094148483996e-09
2.397977646784667917e-08
2.397977646784667917e-08
2.397977646784667917e-08
2.397977646784667917e-08
2.397977646784667917e-08
8.450715752044444963e-09
2.397977646784667917e-08
6.893231132561585102e-08
2.397977646784667917e-08
2.397973293312508907e-08
6.893231132561585102e-08
2.397973293312508907e-08
6.893231132561585102e-08
6.893231132561585102e-08
2.397973293312508907e-08
6.893231132561585102e-08
6.893231132561585102e-08
6.893231132561585102e-08
6.893231132561585102e-08
6.893243925185057178e-08
6.893243925185057178e-08
2.397982097009021397e-08
6.893243925185057178e-08
8.450715752044444963e-09
6.893243925185057178e-08
6.893243925185057178e-08
6.893243925185057178e-08
2.397973293312508907e-08
2.397977646784667917e-08
2.397977646784667917e-08
2.397977646784667917e-08
2.397977646784667917e-08
3.016027385420103744e-09
8.450731094148483996e-09
8.450715752044444963e-09
2.008025155483565461e-07
5.929692008784152582e-07
6.893257005307676646e-08
2.397982097009021397e-08
2.008025155483565461e-07
5.929660842810966493e-07
2.397985362904688394e-08
5.394091086100559551e-06
5.394091086100559551e-06
5.394091086100559551e-06
1.775661871050632100e-06
1.654352763089471487e-04
5.204473615222726213e-05
5.204484532394097773e-05
5.394061422792672680e-06
1.662897957973963095e-05
1.775658492777292267e-06
1.654362926000246467e-04
5.204462961138548013e-05
1.089763507542404308e-09
1.775664456168416008e-06
8.450758286584741564e-09
1.654353386720854838e-04
5.343295571554380506e-04
1.662900375449975559e-05
5.204452560744406186e-05
1.754341989502378012e-03
1.754341989502378012e-03
5.204462961138548013e-05
5.204470810921398385e-05
5.929672124267755850e-07
1.754334718204208316e-03
5.343304235174624892e-04
1.754331873730242053e-03
1.754334718204208316e-03
5.343315173481830421e-04
5.204473615222726213e-05
6.893243925185057178e-08
5.929692008784152582e-07
2.397982097009021397e-08
2.008021335129048993e-07
2.008021335129048993e-07
3.016021923150519159e-09
5.394069836728578785e-06
1.775667825541242687e-06
5.394087925160131452e-06
8.450727998809438964e-09
1.654362926000246467e-04
1.754341989502378012e-03
5.343306815555691047e-04
5.343306815555691047e-04
1.775668866084202626e-06
6.893253313334991818e-08
2.008030813693882402e-07
1.775657937182818496e-06
5.929658987450385779e-07
2.397976768451923615e-08
2.008030813693882402e-07
5.929658987450385779e-07
5.929658987450385779e-07
2.397981019959205044e-08
5.929669752627033846e-07
1.775664456168416008e-06
5.929669752627033846e-07
1.775661160853997602e-06
1.662890660926924285e-05
1.775664456168416008e-06
2.397981019959205044e-08
2.008020706829543435e-07
5.929669752627033846e-07
5.929669752627033846e-07
5.929669752627033846e-07
5.929669752627033846e-07
5.929669752627033846e-07
1.775661160853997602e-06
2.008020706829543435e-07
5.929669752627033846e-07
5.929658987450385779e-07
2.008020706829543435e-07
5.929669752627033846e-07
5.929658987450385779e-07
2.008020706829543435e-07
2.397981019959205044e-08
6.893253313334991818e-08
2.397981019959205044e-08
6.893253313334991818e-08
2.397985362904688394e-08
2.397985362904688394e-08
2.008020706829543435e-07
2.008020706829543435e-07
2.008024352350641268e-07
2.008024352350641268e-07
5.929680757049543939e-07
5.394077689747578162e-06
1.662899400989414759e-05
5.394087925160131452e-06
1.775664456168416008e-06
1.775667825541242687e-06
5.394087925160131452e-06
1.775664456168416008e-06
2.008020706829543435e-07
2.008024352350641268e-07
5.929669752627033846e-07
2.397973293312508907e-08
5.929669752627033846e-07
5.929669752627033846e-07
5.929669752627033846e-07
5.929669752627033846e-07
2.008020706829543435e-07
5.929669752627033846e-07
5.929669752627033846e-07
6.893218618062609456e-08
2.008020706829543435e-07
5.929669752627033846e-07
6.893240829095959839e-08
2.397981019959205044e-08
6.893253313334991818e-08
6.893240829095959839e-08
2.397981019959205044e-08
2.397981019959205044e-08
2.397981019959205044e-08
8.450742981578287241e-09
8.450742981578287241e-09
6.893253313334991818e-08
5.929658987450385779e-07
2.008030813693882402e-07
6.893240829095959839e-08
5.929658987450385779e-07
2.008030813693882402e-07
5.929669752627033846e-07
2.008030813693882402e-07
5.929658987450385779e-07
2.008030813693882402e-07
6.893218618062609456e-08
1.775657937182818496e-06
5.929669752627033846e-07
5.929669752627033846e-07
6.893253313334991818e-08
6.893253313334991818e-08
5.929669752627033846e-07
2.008030813693882402e-07
2.008030813693882402e-07
1.775661160853997602e-06
1.775661160853997602e-06
6.893253313334991818e-08
1.775664456168416008e-06
5.929669752627033846e-07
1.775664456168416008e-06
1.662899400989414759e-05
1.775664456168416008e-06
5.929669752627033846e-07
2.008030813693882402e-07
5.929658987450385779e-07
1.775664456168416008e-06
5.929658987450385779e-07
1.775661160853997602e-06
2.008020706829543435e-07
1.775661160853997602e-06
5.929669752627033846e-07
1.775664456168416008e-06
5.394087925160131452e-06
6.893231132561585102e-08
1.775664456168416008e-06
2.008024352350641268e-07
1.775664456168416008e-06
5.929669752627033846e-07
5.929669752627033846e-07
6.893240829095959839e-08
2.008030813693882402e-07
5.929688832889096702e-07
6.893253313334991818e-08
8.450727998809438964e-09
8.450727998809438964e-09
8.450742981578287241e-09
2.397981019959205044e-08
2.008030813693882402e-07
6.893253313334991818e-08
2.397976768451923615e-08
3.016025903285681657e-09
6.893253313334991818e-08
2.008020706829543435e-07
5.929658987450385779e-07
2.008030813693882402e-07
5.929658987450385779e-07
2.008030813693882402e-07
3.016025903285681657e-09
5.929688832889096702e-07
6.893228607704626573e-08
6.893240829095959839e-08
6.893240829095959839e-08
2.008030813693882402e-07
2.397981019959205044e-08
6.893240829095959839e-08
5.929658987450385779e-07
5.929658987450385779e-07
5.929658987450385779e-07
5.929658987450385779e-07
2.008030813693882402e-07
6.893240829095959839e-08
2.397981019959205044e-08
2.397981019959205044e-08
3.016016575885857328e-09
6.893240829095959839e-08
5.929669752627033846e-07
2.008020706829543435e-07
1.089766877769218388e-09
3.016031236325910755e-09
3.985336542478458217e-10
1.089766877769218388e-09
8.450727998809438964e-09
3.016031236325910755e-09
8.450727998809438964e-09
6.893240829095959839e-08
2.397981019959205044e-08
3.016025903285681657e-09
8.450769076631202941e-09
8.450769076631202941e-09
2.397976768451923615e-08
3.016025903285681657e-09
1.089766877769218388e-09
2.008030813693882402e-07
1.775661160853997602e-06
2.008020706829543435e-07
3.016016575885857328e-09
8.450727998809438964e-09
6.893240829095959839e-08
6.893253313334991818e-08
8.450769076631202941e-09
2.008030813693882402e-07
8.450727998809438964e-09
1.089766877769218388e-09
3.016025903285681657e-09
8.450727998809438964e-09
2.008030813693882402e-07
2.008030813693882402e-07
1.775661160853997602e-06
3.016016575885857328e-09
2.397976768451923615e-08
8.450754133718472565e-09
8.450769076631202941e-09
1.089766877769218388e-09
2.008030813693882402e-07
8.450727998809438964e-09
2.397985362904688394e-08
2.008020706829543435e-07
2.397985362904688394e-08
2.397985362904688394e-08
2.397973293312508907e-08
2.397985362904688394e-08
8.450758286584741564e-09
5.929658987450385779e-07
2.397985362904688394e-08
2.397985362904688394e-08
2.397985362904688394e-08
2.397985362904688394e-08
2.397981019959205044e-08
1.775664456168416008e-06
5.929680757049543939e-07
5.929658987450385779e-07
2.397976768451923615e-08
6.893240829095959839e-08
5.929658987450385779e-07
1.775661160853997602e-06
5.929658987450385779e-07
5.929669752627033846e-07
5.929669752627033846e-07
1.775664456168416008e-06
1.775664456168416008e-06
5.394069836728578785e-06
2.008020706829543435e-07
2.008020706829543435e-07
5.929669752627033846e-07
5.929669752627033846e-07
6.893218618062609456e-08
2.008020706829543435e-07
2.397985362904688394e-08
5.929658987450385779e-07
1.662890660926924285e-05
1.662890660926924285e-05
1.775664456168416008e-06
6.893218618062609456e-08
2.008030813693882402e-07
8.450769076631202941e-09
6.893240829095959839e-08
2.397976768451923615e-08
2.397976768451923615e-08
2.397981019959205044e-08
3.016016575885857328e-09
6.893240829095959839e-08
2.008030813693882402e-07
3.016031236325910755e-09
1.089768804732314638e-09
8.450742981578287241e-09
1.089768804732314638e-09
8.450727998809438964e-09
1.089766877769218388e-09
2.008020706829543435e-07
2.008020706829543435e-07
5.929669752627033846e-07
6.893231132561585102e-08
5.929669752627033846e-07
6.893218618062609456e-08
6.893218618062609456e-08
6.893218618062609456e-08
6.893218618062609456e-08
6.893218618062609456e-08
6.893218618062609456e-08
6.893218618062609456e-08
8.450758286584741564e-09
5.929669752627033846e-07
5.929669752627033846e-07
2.008024352350641268e-07
6.893240829095959839e-08
1.775661160853997602e-06
1.775661160853997602e-06
5.929658987450385779e-07
2.008024352350641268e-07
5.929658987450385779e-07
2.008030813693882402e-07
2.008030813693882402e-07
2.397981019959205044e-08
1.775661160853997602e-06
1.775664456168416008e-06
5.929669752627033846e-07
1.775664456168416008e-06
3.016027385420103744e-09
6.893218618062609456e-08
2.008024352350641268e-07
8.450742981578287241e-09
2.008020706829543435e-07
2.008020706829543435e-07
2.008030813693882402e-07
6.893253313334991818e-08
6.893253313334991818e-08
8.450769076631202941e-09
8.450742981578287241e-09
6.893218618062609456e-08
2.008020706829543435e-07
8.450742981578287241e-09
3.016025903285681657e-09
1.089768804732314638e-09
8.450727998809438964e-09
8.450769076631202941e-09
8.450742981578287241e-09
2.397976768451923615e-08
5.929658987450385779e-07
6.893218618062609456e-08
1.775658492777292267e-06
2.008024352350641268e-07
2.008024352350641268e-07
2.008024352350641268e-07
2.008024352350641268e-07
3.016016575885857328e-09
6.893253313334991818e-08
3.016016575885857328e-09
8.450769076631202941e-09
3.016016575885857328e-09
8.450742981578287241e-09
2.397976768451923615e-08
8.450727998809438964e-09
2.008020706829543435e-07
2.397976768451923615e-08
6.893240829095959839e-08
8.450769076631202941e-09
8.450769076631202941e-09
6.893240829095959839e-08
2.397976768451923615e-08
2.008030813693882402e-07
2.008030813693882402e-07
6.893240829095959839e-08
2.008020706829543435e-07
5.929658987450385779e-07
2.397985362904688394e-08
2.397985362904688394e-08
6.893240829095959839e-08
8.450727998809438964e-09
3.016016575885857328e-09
8.450727998809438964e-09
2.397976768451923615e-08
8.450769076631202941e-09
3.016016575885857328e-09
3.016016575885857328e-09
1.089768804732314638e-09
3.985336542478458217e-10
3.016016575885857328e-09
1.089766877769218388e-09
2.397981019959205044e-08
2.008020706829543435e-07
1.775661160853997602e-06
5.929658987450385779e-07
1.775661160853997602e-06
5.394087925160131452e-06
1.775664456168416008e-06
2.008020706829543435e-07
1.775664456168416008e-06
5.929669752627033846e-07
2.008030813693882402e-07
2.397976768451923615e-08
2.008030813693882402e-07
2.397976768451923615e-08
5.929658987450385779e-07
2.008030813693882402e-07
2.397976768451923615e-08
2.008030813693882402e-07
3.016016575885857328e-09
5.929658987450385779e-07
5.929658987450385779e-07
5.929658987450385779e-07
2.008030813693882402e-07
6.893253313334991818e-08
6.893231132561585102e-08
6.893231132561585102e-08
2.008024352350641268e-07
2.008024352350641268e-07
2.008024352350641268e-07
2.008030813693882402e-07
6.893231132561585102e-08
6.893218618062609456e-08
2.008024352350641268e-07
8.450742981578287241e-09
6.893218618062609456e-08
2.008024352350641268e-07
2.397976768451923615e-08
2.008020706829543435e-07
2.008020706829543435e-07
2.008030813693882402e-07
2.008030813693882402e-07
6.893253313334991818e-08
5.929658987450385779e-07
2.397985362904688394e-08
5.929680757049543939e-07
6.893218618062609456e-08
6.893218618062609456e-08
2.008024352350641268e-07
2.008024352350641268e-07
2.008024352350641268e-07
5.929658987450385779e-07
6.893218618062609456e-08
2.397973293312508907e-08
2.397985362904688394e-08
3.016021923150519159e-09
6.893240829095959839e-08
8.450742981578287241e-09
2.397985362904688394e-08
8.450758286584741564e-09
2.008024352350641268e-07
8.450742981578287241e-09
3.016021923150519159e-09
3.016016575885857328e-09
2.008024352350641268e-07
6.893218618062609456e-08
3.016016575885857328e-09
2.397985362904688394e-08
8.450742981578287241e-09
3.016021923150519159e-09
3.016021923150519159e-09
2.397985362904688394e-08
3.016016575885857328e-09
3.016021923150519159e-09
2.397985362904688394e-08
8.450758286584741564e-09
3.016021923150519159e-09
8.450758286584741564e-09
6.893218618062609456e-08
8.450742981578287241e-09
2.397985362904688394e-08
2.008024352350641268e-07
2.397985362904688394e-08
6.893240829095959839e-08
8.450742981578287241e-09
8.450742981578287241e-09
8.450742981578287241e-09
8.450742981578287241e-09
8.450742981578287241e-09
6.893218618062609456e-08
2.008024352350641268e-07
2.008024352350641268e-07
2.008024352350641268e-07
6.893231132561585102e-08
3.016016575885857328e-09
3.016021923150519159e-09
2.397985362904688394e-08
2.397985362904688394e-08
8.450742981578287241e-09
2.008030813693882402e-07
6.893253313334991818e-08
8.450742981578287241e-09
2.008020706829543435e-07
2.397973293312508907e-08
2.008024352350641268e-07
2.008024352350641268e-07
6.893218618062609456e-08
2.397985362904688394e-08
6.893218618062609456e-08
2.008028078890223453e-07
6.893231132561585102e-08
2.397985362904688394e-08
8.450758286584741564e-09
3.016016575885857328e-09
8.450742981578287241e-09
2.397985362904688394e-08
2.008024352350641268e-07
2.008024352350641268e-07
8.450742981578287241e-09
2.008024352350641268e-07
2.008020706829543435e-07
2.397981019959205044e-08
2.397985362904688394e-08
1.775661160853997602e-06
1.775661160853997602e-06
1.775661160853997602e-06
2.008024352350641268e-07
5.929669752627033846e-07
5.929669752627033846e-07
2.008024352350641268e-07
5.929669752627033846e-07
2.397981019959205044e-08
2.008030813693882402e-07
2.397985362904688394e-08
3.016016575885857328e-09
2.397985362904688394e-08
8.450742981578287241e-09
8.450742981578287241e-09
2.397985362904688394e-08
1.089768804732314638e-09
1.089768804732314638e-09
3.016016575885857328e-09
2.397981019959205044e-08
6.893240829095959839e-08
2.008024352350641268e-07
5.929658987450385779e-07
2.397981019959205044e-08
2.397981019959205044e-08
2.008020706829543435e-07
8.450727998809438964e-09
2.397981019959205044e-08
2.008024352350641268e-07
2.008024352350641268e-07
6.893253313334991818e-08
6.893253313334991818e-08
2.397985362904688394e-08
3.016016575885857328e-09
1.089768804732314638e-09
2.397985362904688394e-08
2.008024352350641268e-07
2.008024352350641268e-07
2.008024352350641268e-07
6.893218618062609456e-08
2.397985362904688394e-08
2.397985362904688394e-08
2.397985362904688394e-08
5.929669752627033846e-07
8.450742981578287241e-09
2.397985362904688394e-08
8.450742981578287241e-09
8.450742981578287241e-09
8.450727998809438964e-09
2.008030813693882402e-07
8.450727998809438964e-09
8.450727998809438964e-09
3.016016575885857328e-09
3.016016575885857328e-09
1.089768804732314638e-09
1.089768804732314638e-09
2.397981019959205044e-08
2.397985362904688394e-08
8.450742981578287241e-09
8.450742981578287241e-09
3.016016575885857328e-09
3.016016575885857328e-09
8.450727998809438964e-09
1.089768804732314638e-09
3.016016575885857328e-09
2.397976768451923615e-08
2.397976768451923615e-08
8.450742981578287241e-09
3.985336542478458217e-10
2.397981019959205044e-08
3.016016575885857328e-09
6.893253313334991818e-08
2.397985362904688394e-08
6.893253313334991818e-08
2.008020706829543435e-07
2.008020706829543435e-07
2.008020706829543435e-07
5.929669752627033846e-07
2.008020706829543435e-07
6.893253313334991818e-08
2.397973293312508907e-08
8.450758286584741564e-09
8.450758286584741564e-09
2.397973293312508907e-08
6.893218618062609456e-08
2.397973293312508907e-08
2.397985362904688394e-08
2.397981019959205044e-08
1.662899400989414759e-05
2.397976768451923615e-08
2.008020706829543435e-07
6.893253313334991818e-08
8.450727998809438964e-09
6.893240829095959839e-08
1.775658492777292267e-06
1.775658492777292267e-06
2.008024352350641268e-07
2.008020706829543435e-07
3.016025903285681657e-09
1.089766877769218388e-09
8.450769076631202941e-09
3.016021923150519159e-09
3.016031236325910755e-09
2.397976768451923615e-08
8.450754133718472565e-09
2.008020706829543435e-07
2.397981019959205044e-08
2.397981019959205044e-08
1.775664456168416008e-06
5.929692008784152582e-07
2.008020706829543435e-07
2.008020706829543435e-07
5.929669752627033846e-07
5.394059574277929137e-06
2.008024352350641268e-07
1.662893824654192594e-05
1.662890660926924285e-05
2.008020706829543435e-07
1.775664456168416008e-06
1.662899400989414759e-05
1.662893824654192594e-05
1.775661160853997602e-06
5.343312294369176839e-04
5.394087925160131452e-06
5.929680757049543939e-07
1.662890660926924285e-05
1.662890660926924285e-05
1.662899400989414759e-05
5.204460678918605471e-05
5.204460678918605471e-05
1.662897061962708198e-05
5.394069836728578785e-06
1.775661871050632100e-06
5.929660842810966493e-07
5.394059574277929137e-06
1.662899400989414759e-05
5.394087925160131452e-06
5.929669752627033846e-07
1.662899400989414759e-05
1.662890660926924285e-05
5.394087925160131452e-06
1.662890660926924285e-05
1.662890660926924285e-05
1.662890660926924285e-05
5.394059574277929137e-06
1.775667825541242687e-06
1.654355343634544091e-04
5.204460678918605471e-05
8.450758286584741564e-09
6.893218618062609456e-08
5.929680757049543939e-07
2.008024352350641268e-07
2.397985362904688394e-08
5.929658987450385779e-07
1.089768804732314638e-09
8.450742981578287241e-09
2.397976768451923615e-08
5.929680757049543939e-07
3.985336542478458217e-10
3.985336542478458217e-10
1.089768804732314638e-09
3.985336542478458217e-10
8.450758286584741564e-09
8.450758286584741564e-09
6.893253313334991818e-08
6.893231132561585102e-08
5.394080337860976681e-06
3.016027385420103744e-09
2.397977646784667917e-08
2.397982097009021397e-08
2.397977646784667917e-08
3.016016575885857328e-09
3.985336542478458217e-10
5.929683668106779727e-07
2.008031889179508819e-07
3.985336542478458217e-10
2.008031889179508819e-07
8.450758286584741564e-09
1.775665327895086510e-06
6.893243925185057178e-08
2.397982097009021397e-08
6.893231132561585102e-08
6.893243925185057178e-08
2.008025155483565461e-07
1.089765439645078725e-09
1.775668866084202626e-06
6.893243925185057178e-08
1.662900375449975559e-05
5.394069836728578785e-06
1.775661871050632100e-06
5.394080337860976681e-06
3.985336542478458217e-10
1.775658492777292267e-06
1.089768804732314638e-09
5.929660842810966493e-07
2.008031889179508819e-07
2.008031889179508819e-07
5.929660842810966493e-07
5.394080337860976681e-06
5.394072202094466527e-06
5.394091086100559551e-06
5.394091086100559551e-06
1.775661871050632100e-06
1.775658492777292267e-06
5.394091086100559551e-06
2.008031889179508819e-07
5.929692008784152582e-07
5.929692008784152582e-07
2.008028078890223453e-07
6.893243925185057178e-08
6.893231132561585102e-08
5.394080337860976681e-06
6.893243925185057178e-08
5.929692008784152582e-07
1.775658492777292267e-06
2.008028078890223453e-07
5.929680757049543939e-07
8.450715752044444963e-09
1.775661871050632100e-06
2.008028078890223453e-07
1.775661871050632100e-06
5.929692008784152582e-07
2.397977646784667917e-08
5.929692008784152582e-07
5.929692008784152582e-07
2.008021335129048993e-07
1.775661871050632100e-06
5.394061422792672680e-06
5.394080337860976681e-06
5.394091086100559551e-06
5.394061422792672680e-06
1.775658492777292267e-06
5.394080337860976681e-06
5.394080337860976681e-06
1.775661871050632100e-06
5.929660842810966493e-07
5.394080337860976681e-06
5.394091086100559551e-06
1.775658492777292267e-06
2.008028078890223453e-07
6.893231132561585102e-08
2.008028078890223453e-07
5.929660842810966493e-07
6.893231132561585102e-08
2.008028078890223453e-07
2.008025155483565461e-07
1.775665327895086510e-06
8.450715752044444963e-09
1.654362926000246467e-04
1.754338309512265461e-03
1.662900375449975559e-05
1.654362926000246467e-04
5.394091086100559551e-06
1.654352763089471487e-04
5.343293557325540363e-04
1.654356069089685472e-04
1.654356069089685472e-04
1.754341989502378012e-03
5.343293557325540363e-04
5.343315173481830421e-04
5.204481181345209931e-05
1.662891230790467778e-05
5.394091086100559551e-06
1.654361860793880157e-04
5.204473615222726213e-05
1.662900375449975559e-05
5.204473615222726213e-05
1.754341989502378012e-03
1.754338309512265461e-03
1.654361860793880157e-04
1.654362926000246467e-04
1.662891230790467778e-05
5.343326381893778558e-04
1.662897061962708198e-05
1.754331212410688030e-03
1.654356069089685472e-04
5.343315173481830421e-04
1.662900375449975559e-05
1.775661871050632100e-06
1.654356069089685472e-04
5.204481181345209931e-05
1.654356069089685472e-04
5.343293557325540363e-04
1.654358564320507566e-04
1.654361860793880157e-04
1.654361860793880157e-04
5.394080337860976681e-06
1.754338309512265461e-03
5.343293557325540363e-04
1.754334718204208316e-03
5.343304235174624892e-04
1.754341989502378012e-03
5.343315173481830421e-04
1.754341989502378012e-03
5.204462961138548013e-05
1.654359455731005770e-04
1.662891230790467778e-05
5.343293557325540363e-04
1.754331212410688030e-03
5.343304235174624892e-04
1.654356069089685472e-04
5.204481181345209931e-05
5.343304235174624892e-04
1.754334718204208316e-03
1.754331212410688030e-03
5.343322941448096306e-04
5.394080337860976681e-06
1.754338309512265461e-03
1.754341989502378012e-03
1.654356069089685472e-04
1.754341989502378012e-03
1.775658492777292267e-06
2.008024352350641268e-07
2.008020706829543435e-07
2.008031889179508819e-07
2.397985362904688394e-08
2.008021335129048993e-07
1.654353386720854838e-04
5.343295571554380506e-04
5.204452560744406186e-05
1.662897061962708198e-05
1.662897061962708198e-05
5.204481181345209931e-05
5.394080337860976681e-06
1.654352763089471487e-04
1.654352763089471487e-04
5.204452560744406186e-05
5.394069836728578785e-06
5.394080337860976681e-06
1.654352763089471487e-04
1.654352763089471487e-04
1.654352763089471487e-04
5.394080337860976681e-06
5.204452560744406186e-05
1.654356069089685472e-04
5.394080337860976681e-06
1.654359455731005770e-04
1.654356069089685472e-04
5.343326381893778558e-04
5.394080337860976681e-06
1.754341989502378012e-03
1.662891230790467778e-05
1.754331212410688030e-03
1.654352763089471487e-04
1.654361860793880157e-04
5.343322941448096306e-04
5.343312294369176839e-04
1.754340859921683839e-03
1.754341989502378012e-03
1.754341989502378012e-03
5.343304235174624892e-04
5.343304235174624892e-04
1.754341989502378012e-03
5.343312294369176839e-04
5.343312294369176839e-04
5.343312294369176839e-04
5.204450777207561226e-05
5.204450777207561226e-05
5.394080337860976681e-06
5.204473615222726213e-05
1.754341989502378012e-03
5.343315173481830421e-04
1.654359455731005770e-04
5.343304235174624892e-04
5.343315173481830421e-04
5.343322941448096306e-04
1.754341989502378012e-03
1.654356069089685472e-04
5.343295571554380506e-04
1.654356069089685472e-04
1.662900375449975559e-05
5.343293557325540363e-04
1.754331212410688030e-03
1.754331212410688030e-03
1.754340859921683839e-03
1.754341989502378012e-03
1.754341989502378012e-03
1.754341989502378012e-03
1.754331873730242053e-03
1.754341989502378012e-03
1.754341989502378012e-03
1.754331212410688030e-03
1.754331212410688030e-03
5.204452560744406186e-05
1.754341989502378012e-03
1.754341989502378012e-03
1.754341989502378012e-03
1.754341989502378012e-03
1.754341989502378012e-03
1.754341989502378012e-03
5.343295571554380506e-04
1.754338309512265461e-03
5.343295571554380506e-04
1.754341989502378012e-03
1.754341989502378012e-03
1.754341989502378012e-03
1.754341989502378012e-03
1.754341989502378012e-03
1.754341989502378012e-03
5.343315173481830421e-04
1.754341989502378012e-03
1.754341989502378012e-03
5.343295571554380506e-04
1.654359455731005770e-04
1.654356069089685472e-04
1.654359455731005770e-04
5.343304235174624892e-04
1.662891230790467778e-05
1.775665327895086510e-06
5.343293557325540363e-04
5.204462961138548013e-05
5.204462961138548013e-05
1.754340859921683839e-03
1.754340859921683839e-03
1.654352763089471487e-04
1.754340859921683839e-03
1.654352763089471487e-04
5.204452560744406186e-05
5.204452560744406186e-05
1.754340859921683839e-03
1.654352763089471487e-04
1.775668866084202626e-06
1.654352763089471487e-04
5.343293557325540363e-04
1.654352763089471487e-04
1.754338309512265461e-03
1.754341989502378012e-03
1.754338309512265461e-03
1.654356069089685472e-04
1.754338309512265461e-03
1.754341989502378012e-03
1.754341989502378012e-03
1.754341989502378012e-03
1.754341989502378012e-03
1.654356069089685472e-04
1.754331212410688030e-03
1.754341989502378012e-03
1.754341989502378012e-03
1.754341989502378012e-03
1.754341989502378012e-03
1.754341989502378012e-03
1.754341989502378012e-03
1.754341989502378012e-03
1.754338309512265461e-03
1.754341989502378012e-03
1.754341989502378012e-03
1.754341989502378012e-03
1.754341989502378012e-03
1.754341989502378012e-03
1.754341989502378012e-03
1.754341989502378012e-03
1.754341989502378012e-03
1.754341989502378012e-03
1.754341989502378012e-03
1.754341989502378012e-03
1.754341989502378012e-03
1.754341989502378012e-03
1.754341989502378012e-03
1.754341989502378012e-03
1.754341989502378012e-03
1.754341989502378012e-03
5.343315173481830421e-04
5.343315173481830421e-04
1.754341989502378012e-03
1.754341989502378012e-03
1.754341989502378012e-03
1.754341989502378012e-03
1.654362926000246467e-04
1.754341989502378012e-03
5.204473615222726213e-05
1.754341989502378012e-03
1.754331873730242053e-03
1.754331873730242053e-03
1.754331873730242053e-03
5.343326381893778558e-04
1.754331873730242053e-03
1.754331873730242053e-03
1.754341989502378012e-03
1.754338309512265461e-03
1.754341989502378012e-03
1.754341989502378012e-03
1.754338309512265461e-03
1.754338309512265461e-03
1.754338309512265461e-03
1.754341989502378012e-03
1.754341989502378012e-03
1.754341989502378012e-03
1.754341989502378012e-03
1.754341989502378012e-03
1.754341989502378012e-03
1.754341989502378012e-03
1.754341989502378012e-03
1.754341989502378012e-03
1.754341989502378012e-03
1.754341989502378012e-03
1.754341989502378012e-03
1.754341989502378012e-03
1.754341989502378012e-03
1.754341989502378012e-03
1.754341989502378012e-03
1.754341989502378012e-03
1.754341989502378012e-03
1.754341989502378012e-03
1.754341989502378012e-03
5.343315173481830421e-04
1.754341989502378012e-03
5.343315173481830421e-04
5.343315173481830421e-04
5.394091086100559551e-06
5.343293557325540363e-04
1.662897061962708198e-05
5.343315173481830421e-04
1.754341989502378012e-03
1.754331212410688030e-03
1.754333948907220442e-03
1.754341989502378012e-03
1.754341989502378012e-03
1.754341989502378012e-03
1.754341989502378012e-03
1.654358564320507566e-04
1.654358564320507566e-04
1.754341989502378012e-03
1.754341989502378012e-03
1.754341989502378012e-03
1.754341989502378012e-03
1.754341989502378012e-03
1.754341989502378012e-03
1.754337364230644904e-03
1.754341989502378012e-03
5.343322941448096306e-04
1.754337364230644904e-03
1.754341989502378012e-03
1.654356069089685472e-04
1.754341989502378012e-03
1.754331212410688030e-03
1.754331212410688030e-03
1.754331212410688030e-03
1.754331212410688030e-03
1.754331212410688030e-03
1.754331212410688030e-03
1.754331212410688030e-03
1.754331212410688030e-03
5.343322941448096306e-04
1.754331212410688030e-03
1.754331212410688030e-03
1.754331212410688030e-03
1.754331212410688030e-03
1.754341989502378012e-03
1.754341989502378012e-03
1.754331212410688030e-03
1.754331212410688030e-03
1.754331212410688030e-03
1.754341989502378012e-03
1.754331212410688030e-03
1.754341989502378012e-03
1.754341989502378012e-03
1.754331212410688030e-03
1.754341989502378012e-03
1.754341989502378012e-03
1.754341989502378012e-03
5.343293557325540363e-04
1.754331212410688030e-03
1.754341989502378012e-03
1.754341989502378012e-03
1.754341989502378012e-03
1.754341989502378012e-03
1.754341989502378012e-03
1.754341989502378012e-03
1.754341989502378012e-03
1.754341989502378012e-03
1.754338309512265461e-03
1.754341989502378012e-03
1.754341989502378012e-03
1.754341989502378012e-03
1.754341989502378012e-03
1.754341989502378012e-03
1.754341989502378012e-03
1.754341989502378012e-03
1.754341989502378012e-03
1.754341989502378012e-03
1.754341989502378012e-03
1.754341989502378012e-03
1.754341989502378012e-03
1.754341989502378012e-03
1.754341989502378012e-03
1.754341989502378012e-03
1.754341989502378012e-03
1.754341989502378012e-03
1.754341989502378012e-03
1.754341989502378012e-03
5.343315173481830421e-04
1.754341989502378012e-03
5.343326381893778558e-04
1.754331212410688030e-03
1.754341989502378012e-03
1.754341989502378012e-03
1.754331212410688030e-03
1.662891230790467778e-05
1.754331212410688030e-03
5.343293557325540363e-04
1.754331212410688030e-03
1.754334718204208316e-03
5.343315173481830421e-04
1.754338309512265461e-03
5.343315173481830421e-04
1.754341989502378012e-03
5.343315173481830421e-04
1.754331212410688030e-03
5.204452560744406186e-05
5.343304235174624892e-04
5.343293557325540363e-04
5.343293557325540363e-04
5.343293557325540363e-04
5.343304235174624892e-04
1.754334718204208316e-03
5.343304235174624892e-04
1.754341989502378012e-03
1.754338309512265461e-03
1.754338309512265461e-03
1.754338309512265461e-03
1.754338309512265461e-03
1.754341989502378012e-03
1.754331873730242053e-03
1.754341989502378012e-03
1.754341989502378012e-03
1.754331873730242053e-03
1.754341989502378012e-03
5.343304235174624892e-04
1.754331212410688030e-03
1.754334718204208316e-03
1.754338309512265461e-03
1.754341989502378012e-03
1.754341989502378012e-03
1.754334718204208316e-03
1.754341989502378012e-03
1.754341989502378012e-03
1.754334718204208316e-03
1.754341989502378012e-03
1.754338309512265461e-03
1.654352763089471487e-04
1.754334718204208316e-03
1.754341989502378012e-03
5.343315173481830421e-04
5.204452560744406186e-05
1.754341989502378012e-03
1.754341989502378012e-03
1.754341989502378012e-03
1.754341989502378012e-03
1.662891230790467778e-05
1.754341989502378012e-03
1.754341989502378012e-03
5.343304235174624892e-04
1.754334718204208316e-03
1.754341989502378012e-03
1.754341989502378012e-03
1.754341989502378012e-03
5.343304235174624892e-04
1.754341989502378012e-03
1.754340859921683839e-03
1.754341989502378012e-03
1.754341989502378012e-03
1.754338309512265461e-03
1.754341989502378012e-03
1.754334718204208316e-03
1.754341989502378012e-03
1.754338309512265461e-03
1.754341989502378012e-03
1.754331212410688030e-03
1.654356069089685472e-04
1.754341989502378012e-03
1.754341989502378012e-03
1.654352763089471487e-04
1.654352763089471487e-04
5.204481181345209931e-05
5.204452560744406186e-05
1.654352763089471487e-04
5.204481181345209931e-05
5.343293557325540363e-04
1.754331212410688030e-03
1.754341989502378012e-03
1.654359455731005770e-04
1.754341989502378012e-03
1.662894553853559159e-05
5.343315173481830421e-04
5.204473615222726213e-05
5.343326381893778558e-04
1.654362926000246467e-04
1.662891230790467778e-05
5.204462961138548013e-05
5.204473615222726213e-05
5.929672124267755850e-07
5.204452560744406186e-05
1.654359455731005770e-04
1.654359455731005770e-04
1.654362926000246467e-04
5.204462961138548013e-05
1.775665327895086510e-06
1.775665327895086510e-06
1.654362926000246467e-04
5.343326381893778558e-04
5.204473615222726213e-05
5.204473615222726213e-05
1.775665327895086510e-06
5.204462961138548013e-05
1.654359455731005770e-04
5.204462961138548013e-05
1.662891230790467778e-05
5.204462961138548013e-05
5.204452560744406186e-05
5.394091086100559551e-06
1.662891230790467778e-05
5.394091086100559551e-06
1.654359455731005770e-04
5.343326381893778558e-04
1.654356069089685472e-04
1.654359455731005770e-04
5.204473615222726213e-05
1.662891230790467778e-05
5.204462961138548013e-05
1.654356069089685472e-04
5.343315173481830421e-04
5.204462961138548013e-05
3.985336542478458217e-10
1.089761928260996157e-09
6.893257005307676646e-08
6.893257005307676646e-08
3.985336542478458217e-10
3.985336542478458217e-10
1.089763507542404308e-09
2.008021335129048993e-07
1.089768804732314638e-09
1.089768804732314638e-09
8.450758286584741564e-09
8.450742981578287241e-09
8.450742981578287241e-09
2.008024352350641268e-07
5.929680757049543939e-07
6.893231132561585102e-08
2.397985362904688394e-08
2.008024352350641268e-07
5.929672124267755850e-07
5.394080337860976681e-06
5.929692008784152582e-07
5.929692008784152582e-07
5.929692008784152582e-07
1.775658492777292267e-06
5.929660842810966493e-07
6.893218618062609456e-08
2.397985362904688394e-08
1.775661871050632100e-06
1.775661871050632100e-06
5.394091086100559551e-06
1.775661871050632100e-06
2.397973293312508907e-08
2.397985362904688394e-08
1.775665327895086510e-06
2.397985362904688394e-08
3.985336542478458217e-10
3.016016575885857328e-09
1.775665327895086510e-06
8.450742981578287241e-09
5.929683668106779727e-07
2.397977646784667917e-08
2.008021335129048993e-07
2.008031889179508819e-07
6.893257005307676646e-08
2.008021335129048993e-07
5.394061422792672680e-06
2.008028078890223453e-07
5.929680757049543939e-07
2.008021335129048993e-07
5.929692008784152582e-07
2.008021335129048993e-07
2.008028078890223453e-07
3.985336542478458217e-10
3.985336542478458217e-10
3.985336542478458217e-10
3.985336542478458217e-10
3.985336542478458217e-10
2.008021335129048993e-07
6.893220774916156708e-08
2.008028078890223453e-07
2.008028078890223453e-07
2.397973293312508907e-08
6.893218618062609456e-08
2.008024352350641268e-07
1.089763507542404308e-09
1.089763507542404308e-09
3.016017680594678028e-09
3.985336542478458217e-10
5.929680757049543939e-07
2.008031889179508819e-07
2.397982097009021397e-08
3.985336542478458217e-10
2.397973293312508907e-08
2.008028078890223453e-07
6.893243925185057178e-08
2.008031889179508819e-07
5.929692008784152582e-07
5.929672124267755850e-07
5.929692008784152582e-07
2.008031889179508819e-07
6.893257005307676646e-08
2.008021335129048993e-07
8.450758286584741564e-09
8.450758286584741564e-09
8.450758286584741564e-09
2.397977646784667917e-08
8.450731094148483996e-09
2.397982097009021397e-08
3.985336542478458217e-10
2.008028078890223453e-07
5.929672124267755850e-07
2.008028078890223453e-07
5.929692008784152582e-07
1.775665327895086510e-06
5.929660842810966493e-07
2.008028078890223453e-07
5.929672124267755850e-07
2.008031889179508819e-07
5.394080337860976681e-06
5.394069836728578785e-06
2.008031889179508819e-07
5.929692008784152582e-07
1.775661871050632100e-06
5.394080337860976681e-06
5.394061422792672680e-06
1.775665327895086510e-06
1.775668866084202626e-06
1.775665327895086510e-06
5.929692008784152582e-07
1.775661871050632100e-06
1.775665327895086510e-06
5.929672124267755850e-07
1.662894553853559159e-05
5.929672124267755850e-07
5.929683668106779727e-07
5.929672124267755850e-07
2.008031889179508819e-07
5.929692008784152582e-07
1.654353386720854838e-04
1.662897957973963095e-05
5.929660842810966493e-07
5.929660842810966493e-07
1.775668866084202626e-06
2.008021335129048993e-07
2.008029064691134794e-07
2.008029064691134794e-07
5.394091086100559551e-06
1.775668866084202626e-06
5.929692008784152582e-07
5.929660842810966493e-07
1.775668866084202626e-06
5.929683668106779727e-07
1.775668866084202626e-06
1.654362926000246467e-04
2.008025155483565461e-07
2.008025155483565461e-07
5.204484532394097773e-05
1.662891230790467778e-05
1.775665327895086510e-06
1.775665327895086510e-06
5.929660842810966493e-07
5.929660842810966493e-07
1.775659101285654213e-06
3.016021923150519159e-09
8.450758286584741564e-09
1.089763507542404308e-09
1.089763507542404308e-09
3.985336542478458217e-10
3.016031236325910755e-09
3.016021923150519159e-09
8.450742981578287241e-09
2.008024352350641268e-07
1.089763507542404308e-09
2.397985362904688394e-08
3.985336542478458217e-10
1.089763507542404308e-09
3.016016575885857328e-09
1.775661871050632100e-06
5.394091086100559551e-06
1.775661871050632100e-06
5.929680757049543939e-07
5.394061422792672680e-06
1.775668866084202626e-06
5.394087925160131452e-06
2.008025155483565461e-07
5.929692008784152582e-07
5.394069836728578785e-06
5.394080337860976681e-06
5.929672124267755850e-07
5.929672124267755850e-07
8.450742981578287241e-09
5.929660842810966493e-07
5.394080337860976681e-06
1.662891230790467778e-05
1.775665327895086510e-06
5.394080337860976681e-06
5.929672124267755850e-07
1.775658492777292267e-06
1.775665327895086510e-06
2.008031889179508819e-07
1.775665327895086510e-06
1.775665327895086510e-06
1.775668866084202626e-06
5.394091086100559551e-06
5.394080337860976681e-06
1.775668866084202626e-06
2.008021335129048993e-07
5.929672124267755850e-07
1.775665327895086510e-06
2.397973293312508907e-08
2.397986647246799720e-08
3.016027385420103744e-09
8.450758286584741564e-09
3.016027385420103744e-09
6.893243925185057178e-08
8.450731094148483996e-09
3.016012205085349747e-09
1.775665327895086510e-06
8.450758286584741564e-09
2.008021335129048993e-07
6.893243925185057178e-08
2.008028078890223453e-07
6.893231132561585102e-08
6.893257005307676646e-08
5.929672124267755850e-07
2.397977646784667917e-08
6.893257005307676646e-08
2.397977646784667917e-08
3.016016575885857328e-09
2.397985362904688394e-08
3.016016575885857328e-09
8.450742981578287241e-09
8.450742981578287241e-09
1.089768804732314638e-09
2.397977646784667917e-08
2.008024352350641268e-07
6.893231132561585102e-08
2.008028078890223453e-07
2.008025155483565461e-07
3.016027385420103744e-09
3.016027385420103744e-09
5.929692008784152582e-07
1.775665327895086510e-06
5.929660842810966493e-07
1.775658492777292267e-06
1.775661871050632100e-06
5.929672124267755850e-07
2.397973293312508907e-08
2.008024352350641268e-07
2.397973293312508907e-08
5.929692008784152582e-07
6.893243925185057178e-08
1.775668866084202626e-06
5.394091086100559551e-06
1.775661871050632100e-06
5.929660842810966493e-07
5.929692008784152582e-07
5.394080337860976681e-06
8.450742981578287241e-09
3.016016575885857328e-09
2.008024352350641268e-07
5.929680757049543939e-07
8.450715752044444963e-09
2.008031889179508819e-07
5.929660842810966493e-07
5.929692008784152582e-07
6.893243925185057178e-08
2.008031889179508819e-07
2.008024352350641268e-07
2.008024352350641268e-07
2.008028078890223453e-07
2.008028078890223453e-07
2.008031889179508819e-07
1.089763507542404308e-09
5.929660842810966493e-07
2.008031889179508819e-07
2.008031889179508819e-07
2.008031889179508819e-07
5.929660842810966493e-07
2.008021335129048993e-07
2.008028078890223453e-07
1.775668866084202626e-06
2.397985362904688394e-08
5.929692008784152582e-07
6.893218618062609456e-08
2.397985362904688394e-08
5.929660842810966493e-07
2.008021335129048993e-07
1.775661871050632100e-06
1.775661871050632100e-06
1.775665327895086510e-06
1.775658492777292267e-06
1.775661871050632100e-06
1.775665327895086510e-06
5.929660842810966493e-07
1.775661871050632100e-06
2.008025155483565461e-07
1.775668866084202626e-06
6.893243925185057178e-08
6.893243925185057178e-08
2.008021335129048993e-07
5.394080337860976681e-06
6.893231132561585102e-08
5.929680757049543939e-07
5.929680757049543939e-07
2.008031889179508819e-07
2.008031889179508819e-07
5.929660842810966493e-07
2.008021335129048993e-07
5.929660842810966493e-07
5.394080337860976681e-06
5.394091086100559551e-06
6.893218618062609456e-08
5.394069836728578785e-06
2.397973293312508907e-08
2.397977646784667917e-08
8.450715752044444963e-09
8.450758286584741564e-09
2.008028078890223453e-07
1.775661871050632100e-06
8.450742981578287241e-09
8.450742981578287241e-09
3.016021923150519159e-09
3.016016575885857328e-09
8.450758286584741564e-09
3.016016575885857328e-09
3.016016575885857328e-09
8.450742981578287241e-09
3.016027385420103744e-09
3.016027385420103744e-09
3.985336542478458217e-10
2.397985362904688394e-08
3.016012205085349747e-09
3.016012205085349747e-09
2.397982097009021397e-08
6.893243925185057178e-08
5.394069836728578785e-06
8.450742981578287241e-09
1.775658492777292267e-06
5.929672124267755850e-07
1.775661871050632100e-06
5.394069836728578785e-06
2.397973293312508907e-08
2.008024352350641268e-07
3.016016575885857328e-09
6.893231132561585102e-08
2.397977646784667917e-08
3.016027385420103744e-09
3.016021923150519159e-09
2.008028078890223453e-07
5.929660842810966493e-07
5.929660842810966493e-07
2.008031889179508819e-07
5.929672124267755850e-07
3.016021923150519159e-09
8.450758286584741564e-09
2.397977646784667917e-08
2.008028078890223453e-07
5.929692008784152582e-07
1.089763507542404308e-09
2.397977646784667917e-08
1.089765439645078725e-09
1.089763507542404308e-09
2.008028078890223453e-07
6.893231132561585102e-08
8.450715752044444963e-09
5.929669752627033846e-07
2.008021335129048993e-07
2.008031889179508819e-07
5.929660842810966493e-07
5.929692008784152582e-07
2.008031889179508819e-07
5.929692008784152582e-07
5.929692008784152582e-07
1.775665327895086510e-06
3.985336542478458217e-10
1.775661871050632100e-06
2.008028078890223453e-07
5.929660842810966493e-07
1.775667825541242687e-06
5.929680757049543939e-07
5.929680757049543939e-07
3.016016575885857328e-09
3.016016575885857328e-09
1.775667825541242687e-06
8.450758286584741564e-09
5.929692008784152582e-07
2.008028078890223453e-07
2.008028078890223453e-07
2.397985362904688394e-08
2.397973293312508907e-08
2.397985362904688394e-08
2.397977646784667917e-08
6.893243925185057178e-08
2.397982097009021397e-08
5.929660842810966493e-07
3.016012205085349747e-09
1.775665327895086510e-06
1.775665327895086510e-06
1.089763507542404308e-09
8.450731094148483996e-09
3.016027385420103744e-09
1.089763507542404308e-09
1.089767413301965928e-09
1.089767413301965928e-09
2.008031889179508819e-07
6.893257005307676646e-08
1.775668866084202626e-06
1.775665327895086510e-06
5.929680757049543939e-07
5.929680757049543939e-07
2.397985362904688394e-08
8.450715752044444963e-09
2.008024352350641268e-07
2.008024352350641268e-07
8.450746777217210283e-09
3.016016575885857328e-09
3.016027385420103744e-09
3.016027385420103744e-09
1.089767413301965928e-09
1.089765439645078725e-09
3.985336542478458217e-10
1.089763507542404308e-09
1.089763507542404308e-09
3.016021923150519159e-09
3.016021923150519159e-09
8.450758286584741564e-09
3.016021923150519159e-09
8.450758286584741564e-09
3.985336542478458217e-10
2.397986647246799720e-08
2.008021335129048993e-07
3.016012205085349747e-09
3.016012205085349747e-09
8.450746777217210283e-09
3.016017680594678028e-09
8.450746777217210283e-09
3.985336542478458217e-10
6.893220774916156708e-08
6.893257005307676646e-08
2.397982097009021397e-08
2.008021335129048993e-07
2.008021335129048993e-07
6.893257005307676646e-08
1.775659101285654213e-06
6.893220774916156708e-08
1.775661871050632100e-06
5.929672124267755850e-07
2.008021335129048993e-07
5.929672124267755850e-07
5.929672124267755850e-07
1.775665327895086510e-06
5.929672124267755850e-07
5.929672124267755850e-07
5.929672124267755850e-07
5.929672124267755850e-07
2.008021335129048993e-07
5.204462961138548013e-05
5.204473615222726213e-05
1.662897957973963095e-05
5.394061422792672680e-06
5.394061422792672680e-06
5.394061422792672680e-06
1.775668866084202626e-06
1.775658492777292267e-06
5.394069836728578785e-06
5.929692008784152582e-07
5.394091086100559551e-06
5.929680757049543939e-07
1.775658492777292267e-06
5.929680757049543939e-07
2.008021335129048993e-07
1.775661871050632100e-06
1.775665327895086510e-06
1.775661871050632100e-06
5.929680757049543939e-07
2.008031889179508819e-07
2.008031889179508819e-07
8.450758286584741564e-09
6.893231132561585102e-08
6.893231132561585102e-08
1.775665327895086510e-06
5.204462961138548013e-05
5.929660842810966493e-07
3.985336542478458217e-10
3.016027385420103744e-09
2.008028078890223453e-07
3.016021923150519159e-09
8.450758286584741564e-09
8.450758286584741564e-09
2.397985362904688394e-08
8.450758286584741564e-09
2.397985362904688394e-08
3.016016575885857328e-09
8.450742981578287241e-09
3.985336542478458217e-10
2.397985362904688394e-08
8.450742981578287241e-09
6.893231132561585102e-08
8.450715752044444963e-09
2.008024352350641268e-07
2.008028078890223453e-07
3.985336542478458217e-10
3.016021923150519159e-09
6.893231132561585102e-08
1.654360891336893952e-04
6.893240829095959839e-08
2.008030813693882402e-07
2.008030813693882402e-07
8.450727998809438964e-09
5.929658987450385779e-07
6.893253313334991818e-08
5.929658987450385779e-07
2.008030813693882402e-07
3.016031236325910755e-09
2.397976768451923615e-08
3.985336542478458217e-10
8.450769076631202941e-09
6.893240829095959839e-08
5.204460678918605471e-05
1.775657937182818496e-06
1.775657937182818496e-06
1.662896245597409405e-05
1.654355343634544091e-04
5.929688832889096702e-07
6.893218618062609456e-08
8.450758286584741564e-09
5.204450777207561226e-05
5.204460678918605471e-05
1.654355343634544091e-04
1.662893824654192594e-05
1.662893824654192594e-05
5.394059574277929137e-06
1.654355343634544091e-04
1.654355343634544091e-04
1.662899400989414759e-05
1.654355343634544091e-04
1.654355343634544091e-04
1.654355343634544091e-04
5.204460678918605471e-05
5.394067679307559269e-06
2.008030813693882402e-07
2.008027176987625370e-07
2.008027176987625370e-07
2.397985362904688394e-08
6.893218618062609456e-08
2.008024352350641268e-07
2.008020706829543435e-07
5.929688832889096702e-07
6.893240829095959839e-08
5.929658987450385779e-07
1.662893824654192594e-05
5.204450777207561226e-05
1.662890660926924285e-05
5.204450777207561226e-05
1.662899400989414759e-05
6.893240829095959839e-08
5.929658987450385779e-07
2.397981019959205044e-08
6.893253313334991818e-08
2.008020706829543435e-07
2.008027176987625370e-07
2.008030813693882402e-07
1.662899400989414759e-05
5.394087925160131452e-06
1.662890660926924285e-05
1.775661160853997602e-06
1.662899400989414759e-05
1.775664456168416008e-06
5.929658987450385779e-07
1.662899400989414759e-05
5.929688832889096702e-07
2.397981019959205044e-08
2.008030813693882402e-07
2.008030813693882402e-07
5.929658987450385779e-07
2.008030813693882402e-07
2.397985362904688394e-08
5.929658987450385779e-07
5.929658987450385779e-07
5.394067679307559269e-06
5.394067679307559269e-06
6.893218618062609456e-08
1.775657937182818496e-06
2.397976768451923615e-08
1.089768804732314638e-09
2.008030813693882402e-07
8.450769076631202941e-09
2.397988424685963592e-08
8.450769076631202941e-09
8.450769076631202941e-09
2.397988424685963592e-08
8.450769076631202941e-09
8.450769076631202941e-09
8.450769076631202941e-09
3.985336542478458217e-10
3.016025903285681657e-09
3.016031236325910755e-09
3.985336542478458217e-10
3.985336542478458217e-10
3.985336542478458217e-10
1.089767413301965928e-09
3.016012205085349747e-09
8.450731094148483996e-09
3.016012205085349747e-09
2.008030813693882402e-07
5.929658987450385779e-07
2.008030813693882402e-07
2.008027176987625370e-07
2.397976768451923615e-08
8.450727998809438964e-09
8.450769076631202941e-09
6.893228607704626573e-08
5.929658987450385779e-07
5.929658987450385779e-07
2.008020706829543435e-07
6.893253313334991818e-08
2.008030813693882402e-07
1.775661160853997602e-06
5.929658987450385779e-07
2.397976768451923615e-08
3.016016575885857328e-09
2.397981019959205044e-08
6.893218618062609456e-08
5.929658987450385779e-07
1.089763507542404308e-09
5.929658987450385779e-07
8.450769076631202941e-09
1.775666874508025911e-06
6.893228607704626573e-08
2.397976768451923615e-08
8.450727998809438964e-09
2.397976768451923615e-08
6.893249925856461080e-08
6.893228607704626573e-08
3.016031236325910755e-09
8.450769076631202941e-09
2.397976768451923615e-08
2.397976768451923615e-08
3.016031236325910755e-09
8.450769076631202941e-09
3.016031236325910755e-09
3.016031236325910755e-09
3.016031236325910755e-09
8.450742981578287241e-09
2.008020706829543435e-07
5.929658987450385779e-07
5.929669752627033846e-07
2.008024352350641268e-07
5.929669752627033846e-07
2.008023616850235624e-07
2.008023616850235624e-07
2.008030813693882402e-07
1.775661160853997602e-06
1.775661160853997602e-06
2.008020706829543435e-07
2.397976768451923615e-08
6.893253313334991818e-08
6.893253313334991818e-08
1.662893159560542748e-05
5.929658987450385779e-07
5.929658987450385779e-07
2.008020706829543435e-07
2.008030813693882402e-07
2.008030813693882402e-07
5.929658987450385779e-07
6.893253313334991818e-08
6.893253313334991818e-08
2.008030813693882402e-07
2.008030813693882402e-07
6.893253313334991818e-08
8.450727998809438964e-09
5.929658987450385779e-07
2.008020706829543435e-07
2.008020706829543435e-07
2.008020706829543435e-07
2.008020706829543435e-07
5.929669752627033846e-07
5.929669752627033846e-07
2.008020706829543435e-07
2.008020706829543435e-07
5.929669752627033846e-07
5.929669752627033846e-07
5.929669752627033846e-07
1.775664456168416008e-06
5.929669752627033846e-07
1.775664456168416008e-06
5.929669752627033846e-07
5.929669752627033846e-07
1.775657937182818496e-06
2.008020706829543435e-07
2.008020706829543435e-07
1.775664456168416008e-06
2.008020706829543435e-07
5.929669752627033846e-07
5.929658987450385779e-07
5.929658987450385779e-07
5.929658987450385779e-07
1.775657937182818496e-06
1.775661160853997602e-06
1.775661160853997602e-06
1.775661160853997602e-06
1.775661160853997602e-06
5.929669752627033846e-07
5.929669752627033846e-07
5.394077689747578162e-06
6.893253313334991818e-08
2.008020706829543435e-07
6.893253313334991818e-08
2.008020706829543435e-07
2.008020706829543435e-07
6.893253313334991818e-08
3.016016575885857328e-09
6.893253313334991818e-08
8.450758286584741564e-09
5.929658987450385779e-07
2.008020706829543435e-07
2.008020706829543435e-07
2.008020706829543435e-07
6.893218618062609456e-08
5.929658987450385779e-07
5.929658987450385779e-07
5.394067679307559269e-06
1.775657937182818496e-06
5.929658987450385779e-07
5.929658987450385779e-07
5.929658987450385779e-07
5.929669752627033846e-07
5.929658987450385779e-07
6.893253313334991818e-08
2.008020706829543435e-07
2.008020706829543435e-07
1.775661160853997602e-06
2.008020706829543435e-07
1.775664456168416008e-06
2.397973293312508907e-08
2.397973293312508907e-08
2.397973293312508907e-08
2.397981019959205044e-08
2.397985362904688394e-08
2.008020706829543435e-07
2.008030813693882402e-07
5.929658987450385779e-07
5.929669752627033846e-07
5.929658987450385779e-07
5.929658987450385779e-07
5.929658987450385779e-07
2.008030813693882402e-07
5.929688832889096702e-07
2.008030813693882402e-07
2.008030813693882402e-07
2.397976768451923615e-08
5.929658987450385779e-07
2.008020706829543435e-07
2.008030813693882402e-07
6.893240829095959839e-08
8.450727998809438964e-09
6.893228607704626573e-08
2.008023616850235624e-07
2.008020706829543435e-07
6.893228607704626573e-08
2.008027176987625370e-07
1.662890140617027433e-05
5.394085036130597322e-06
5.929667580703579322e-07
5.394075267006514439e-06
5.394057886504556843e-06
6.893240829095959839e-08
1.775657937182818496e-06
1.775657937182818496e-06
2.008020706829543435e-07
6.893228607704626573e-08
5.204468255892918201e-05
1.662896245597409405e-05
5.929658987450385779e-07
1.662890140617027433e-05
5.929669752627033846e-07
5.929669752627033846e-07
1.775664456168416008e-06
5.929658987450385779e-07
2.397976768451923615e-08
5.929688832889096702e-07
5.929658987450385779e-07
5.929658987450385779e-07
5.929688832889096702e-07
1.775657937182818496e-06
1.662890140617027433e-05
5.394067679307559269e-06
5.394067679307559269e-06
5.394057886504556843e-06
1.775661160853997602e-06
5.929658987450385779e-07
1.775657937182818496e-06
1.775657937182818496e-06
2.008027176987625370e-07
6.893228607704626573e-08
8.450727998809438964e-09
3.016016575885857328e-09
2.008020706829543435e-07
6.893253313334991818e-08
1.775661160853997602e-06
2.008020706829543435e-07
2.397976768451923615e-08
2.397988424685963592e-08
6.893240829095959839e-08
2.008020706829543435e-07
2.397973293312508907e-08
5.929658987450385779e-07
2.008020706829543435e-07
5.929658987450385779e-07
5.929658987450385779e-07
5.929658987450385779e-07
2.008030813693882402e-07
2.008030813693882402e-07
1.775657937182818496e-06
5.929658987450385779e-07
6.893253313334991818e-08
5.394085036130597322e-06
5.929658987450385779e-07
5.929688832889096702e-07
2.008027176987625370e-07
5.929658987450385779e-07
3.016021923150519159e-09
2.008030813693882402e-07
5.929658987450385779e-07
1.775657937182818496e-06
6.893228607704626573e-08
8.450727998809438964e-09
2.397976768451923615e-08
8.450727998809438964e-09
8.450727998809438964e-09
3.016016575885857328e-09
2.397976768451923615e-08
8.450727998809438964e-09
2.397976768451923615e-08
5.929688832889096702e-07
2.397976768451923615e-08
2.397976768451923615e-08
2.397976768451923615e-08
8.450727998809438964e-09
3.016016575885857328e-09
2.397976768451923615e-08
2.397976768451923615e-08
8.450769076631202941e-09
6.893240829095959839e-08
6.893240829095959839e-08
2.397985362904688394e-08
5.929678093743249177e-07
6.893240829095959839e-08
2.397976768451923615e-08
6.893240829095959839e-08
5.929688832889096702e-07
1.775657937182818496e-06
6.893228607704626573e-08
1.775657937182818496e-06
5.204458597334273620e-05
1.662893159560542748e-05
1.775657937182818496e-06
5.929688832889096702e-07
2.008020706829543435e-07
2.008030813693882402e-07
6.893240829095959839e-08
2.008030813693882402e-07
2.008020706829543435e-07
6.893253313334991818e-08
6.893218618062609456e-08
5.929658987450385779e-07
2.008020706829543435e-07
2.008020706829543435e-07
5.929658987450385779e-07
6.893231132561585102e-08
1.775661160853997602e-06
5.929669752627033846e-07
5.929680757049543939e-07
5.204478131516580272e-05
5.394077689747578162e-06
5.929669752627033846e-07
5.394077689747578162e-06
1.662899400989414759e-05
5.929678093743249177e-07
6.893218618062609456e-08
5.929658987450385779e-07
2.397985362904688394e-08
2.008030813693882402e-07
6.893240829095959839e-08
8.450758286584741564e-09
2.008020706829543435e-07
6.893253313334991818e-08
3.985336542478458217e-10
1.089768804732314638e-09
5.929658987450385779e-07
5.929658987450385779e-07
5.929658987450385779e-07
6.893218618062609456e-08
1.775657937182818496e-06
1.775657937182818496e-06
1.775657937182818496e-06
1.775661160853997602e-06
1.089768804732314638e-09
8.450769076631202941e-09
6.893240829095959839e-08
6.893240829095959839e-08
8.450769076631202941e-09
2.397976768451923615e-08
8.450769076631202941e-09
1.089767413301965928e-09
5.929658987450385779e-07
2.397973293312508907e-08
5.929669752627033846e-07
1.775664456168416008e-06
5.394077689747578162e-06
5.929658987450385779e-07
1.775664456168416008e-06
2.008028078890223453e-07
2.008024352350641268e-07
6.893218618062609456e-08
2.008020706829543435e-07
5.929658987450385779e-07
2.008030813693882402e-07
1.775661160853997602e-06
2.008030813693882402e-07
3.016012205085349747e-09
1.775664456168416008e-06
1.775661160853997602e-06
5.929658987450385779e-07
2.008027176987625370e-07
6.893240829095959839e-08
8.450727998809438964e-09
2.008027176987625370e-07
2.008030813693882402e-07
5.929658987450385779e-07
6.893253313334991818e-08
2.008020706829543435e-07
5.929658987450385779e-07
5.929658987450385779e-07
5.929658987450385779e-07
5.929658987450385779e-07
5.929658987450385779e-07
1.662899400989414759e-05
1.775664456168416008e-06
1.662899400989414759e-05
1.662899400989414759e-05
5.929658987450385779e-07
5.929658987450385779e-07
5.929658987450385779e-07
2.008020706829543435e-07
2.008024352350641268e-07
6.893231132561585102e-08
2.008024352350641268e-07
2.008020706829543435e-07
6.893253313334991818e-08
2.008024352350641268e-07
1.775661160853997602e-06
1.775661160853997602e-06
5.929669752627033846e-07
6.893231132561585102e-08
5.929658987450385779e-07
5.929669752627033846e-07
2.008024352350641268e-07
5.929658987450385779e-07
5.929658987450385779e-07
2.008024352350641268e-07
5.929658987450385779e-07
2.008030813693882402e-07
2.008030813693882402e-07
2.008030813693882402e-07
2.008020706829543435e-07
2.008020706829543435e-07
5.394087925160131452e-06
1.775661160853997602e-06
1.775661160853997602e-06
1.775661160853997602e-06
1.775661160853997602e-06
2.008020706829543435e-07
5.929669752627033846e-07
5.929669752627033846e-07
2.008024352350641268e-07
5.929669752627033846e-07
5.929658987450385779e-07
6.893253313334991818e-08
2.008030813693882402e-07
2.008030813693882402e-07
2.008020706829543435e-07
2.008020706829543435e-07
5.929669752627033846e-07
1.775661160853997602e-06
2.008024352350641268e-07
6.893218618062609456e-08
6.893218618062609456e-08
2.008030813693882402e-07
1.775661160853997602e-06
2.008024352350641268e-07
1.775661160853997602e-06
6.893231132561585102e-08
5.394077689747578162e-06
1.775661160853997602e-06
5.929658987450385779e-07
5.929658987450385779e-07
1.775661160853997602e-06
5.929658987450385779e-07
2.397973293312508907e-08
2.008020706829543435e-07
5.929658987450385779e-07
5.929669752627033846e-07
1.775661160853997602e-06
1.775661160853997602e-06
2.008020706829543435e-07
5.929658987450385779e-07
6.893218618062609456e-08
6.893218618062609456e-08
2.008020706829543435e-07
2.008020706829543435e-07
2.008020706829543435e-07
5.929658987450385779e-07
2.008020706829543435e-07
5.929669752627033846e-07
1.775661160853997602e-06
6.893218618062609456e-08
2.008020706829543435e-07
2.008020706829543435e-07
2.397973293312508907e-08
6.893218618062609456e-08
2.008020706829543435e-07
5.929669752627033846e-07
8.450758286584741564e-09
1.775664456168416008e-06
1.089768804732314638e-09
6.893218618062609456e-08
5.929669752627033846e-07
5.929669752627033846e-07
6.893218618062609456e-08
6.893218618062609456e-08
5.394067679307559269e-06
5.929658987450385779e-07
2.008030813693882402e-07
5.929658987450385779e-07
2.397977646784667917e-08
5.929692008784152582e-07
6.893253313334991818e-08
2.008020706829543435e-07
6.893218618062609456e-08
5.929669752627033846e-07
2.397985362904688394e-08
1.089767413301965928e-09
5.929658987450385779e-07
6.893218618062609456e-08
6.893218618062609456e-08
1.775661160853997602e-06
1.775661160853997602e-06
2.008020706829543435e-07
5.929658987450385779e-07
5.929658987450385779e-07
2.008020706829543435e-07
1.775661160853997602e-06
5.929658987450385779e-07
2.008024352350641268e-07
2.008020706829543435e-07
5.929658987450385779e-07
5.929658987450385779e-07
1.662890660926924285e-05
5.394059574277929137e-06
5.929669752627033846e-07
2.008024352350641268e-07
1.775664456168416008e-06
5.929669752627033846e-07
5.929669752627033846e-07
5.929669752627033846e-07
1.662899400989414759e-05
1.775661160853997602e-06
1.662899400989414759e-05
5.929669752627033846e-07
5.929669752627033846e-07
2.008020706829543435e-07
2.008020706829543435e-07
6.893218618062609456e-08
2.008027176987625370e-07
6.893240829095959839e-08
5.929658987450385779e-07
5.929658987450385779e-07
5.929658987450385779e-07
2.008030813693882402e-07
2.008030813693882402e-07
2.008020706829543435e-07
2.008020706829543435e-07
5.929658987450385779e-07
5.929658987450385779e-07
2.008030813693882402e-07
3.016031236325910755e-09
2.008030813693882402e-07
6.893253313334991818e-08
2.008030813693882402e-07
5.929658987450385779e-07
6.893240829095959839e-08
2.397976768451923615e-08
2.397976768451923615e-08
5.929658987450385779e-07
2.008020706829543435e-07
5.929658987450385779e-07
1.775661160853997602e-06
5.929669752627033846e-07
5.929658987450385779e-07
5.929658987450385779e-07
1.775661160853997602e-06
5.929658987450385779e-07
6.893253313334991818e-08
6.893253313334991818e-08
3.016016575885857328e-09
3.985336542478458217e-10
5.394087925160131452e-06
5.394091086100559551e-06
5.204452560744406186e-05
1.654356069089685472e-04
5.204454522635189887e-05
1.662900375449975559e-05
1.775668866084202626e-06
1.662897061962708198e-05
1.654358564320507566e-04
1.662897061962708198e-05
5.394080337860976681e-06
5.204481181345209931e-05
1.654352763089471487e-04
5.343322941448096306e-04
1.775661871050632100e-06
5.394069836728578785e-06
1.775661871050632100e-06
5.394080337860976681e-06
1.662891230790467778e-05
6.893257005307676646e-08
5.394072202094466527e-06
1.775665327895086510e-06
2.008021335129048993e-07
5.929672124267755850e-07
3.985336542478458217e-10
2.397982097009021397e-08
3.016012205085349747e-09
3.985336542478458217e-10
1.089767413301965928e-09
6.893257005307676646e-08
1.089767413301965928e-09
6.893257005307676646e-08
1.089767413301965928e-09
1.089767413301965928e-09
3.016012205085349747e-09
3.016012205085349747e-09
6.893257005307676646e-08
6.893257005307676646e-08
6.893257005307676646e-08
2.397982097009021397e-08
6.893257005307676646e-08
3.985336542478458217e-10
3.985336542478458217e-10
1.089767413301965928e-09
3.985336542478458217e-10
3.016012205085349747e-09
2.008021335129048993e-07
2.008021335129048993e-07
6.893257005307676646e-08
1.775661871050632100e-06
1.775658492777292267e-06
5.204468255892918201e-05
5.929692008784152582e-07
2.008031889179508819e-07
1.775665327895086510e-06
1.662900375449975559e-05
1.662893824654192594e-05
2.008021335129048993e-07
3.985336542478458217e-10
3.985336542478458217e-10
3.985336542478458217e-10
3.985336542478458217e-10
3.985336542478458217e-10
3.985336542478458217e-10
3.985336542478458217e-10
3.985336542478458217e-10
3.985336542478458217e-10
3.985336542478458217e-10
3.985336542478458217e-10
3.985336542478458217e-10
3.016012205085349747e-09
2.397982097009021397e-08
3.985336542478458217e-10
3.016012205085349747e-09
1.089767413301965928e-09
3.985336542478458217e-10
5.394061422792672680e-06
