7.825242843827373166e-10
3.810895984879411154e-07
5.810697973110116212e-11
5.832621365959009883e-09
9.227876363034152691e-08
2.109389320391429634e-10
1.104171827338209440e-10
2.109394956544223615e-10
1.634563904126070927e-11
2.109389320391429634e-10
5.832596514611680254e-09
5.810686124492308465e-11
1.104171827338209440e-10
8.736020302616642424e-12
3.073944039685247635e-11
8.736042286150789772e-12
4.051664534720353173e-10
1.519834383367618313e-09
1.104166576831676093e-10
5.810692009564297740e-11
5.832608767693099031e-09
5.832608767693099031e-09
5.832627799126692975e-09
2.968730503957093599e-09
5.832598533424174289e-09
2.968728434676153519e-09
1.869244687100582340e-07
2.291802660763031666e-08
1.519837576226004554e-09
1.519839206149307150e-09
2.291800132991447324e-08
7.820650591038516236e-07
4.051636668362409897e-10
1.615698923311316219e-06
1.519837576226004554e-09
2.291806130684031234e-08
1.152699194537199677e-08
1.152696772959165606e-08
1.634563904126070927e-11
5.810680316355047673e-11
1.104168427391692200e-10
7.820659340156805737e-07
1.484892904429199697e-05
3.154943368380800099e-05
1.529892544050625225e-03
9.227876363034152691e-08
2.532814578912692539e-12
2.291791161449650444e-08
1.615702688551967596e-06
3.360764697775513956e-06
3.810906167348629592e-07
2.109390655268351002e-10
5.810697973110116212e-11
8.736020302616642424e-12
3.073937853800533848e-11
3.073953632010988755e-11
1.104169545695232781e-10
2.109390655268351002e-10
1.152697975397241801e-08
4.584456577850442317e-08
2.109389320391429634e-10
6.916206080989717534e-14
1.519844836488809222e-09
2.968740056184990164e-09
2.968736980292132912e-09
4.584462674502646791e-08
9.227910990539085743e-08
1.519834383367618313e-09
7.820662431952726906e-07
1.152697552661732882e-08
2.291803681940421354e-08
4.584453569116149290e-08
3.810914148222315849e-07
4.584486522029553273e-08
2.291806130684031234e-08
4.051636668362409897e-10
9.227902275337405496e-08
1.519835411407947865e-09
1.869245607014160259e-07
5.832627799126692975e-09
2.968745856732486317e-09
4.584453569116149290e-08
1.152697975397241801e-08
4.584469538575096369e-08
1.615697082222661296e-06
7.039300491927801638e-06
1.152699194537199677e-08
5.832602598897067876e-09
2.968736827573059083e-09
7.825242843827373166e-10
1.519834383367618313e-09
5.810716350606802993e-11
2.968740056184990164e-09
5.832592171988413531e-09
5.832592171988413531e-09
1.152697171937329505e-08
2.291788661863545348e-08
1.152695914726023451e-08
1.152697171937329505e-08
2.291788661863545348e-08
1.152704245273609250e-08
2.291788661863545348e-08
7.820628786003552616e-07
3.810897545694072455e-07
1.615693480098709946e-06
3.810912450162664171e-07
1.869245607014160259e-07
7.820602820563588396e-07
7.820659340156805737e-07
7.820659340156805737e-07
4.584461650976395036e-08
1.615695268013193421e-06
3.810889172163535183e-07
3.360756981440000780e-06
7.820602820563588396e-07
7.039324233544103275e-06
9.227912453375541799e-08
2.291800132991447324e-08
1.869236227916478902e-07
3.360749488783613278e-06
4.584474524356562035e-08
2.968740056184990164e-09
1.869247698176673444e-07
3.810906167348629592e-07
2.291802660763031666e-08
1.152699194537199677e-08
2.291800132991447324e-08
3.810910574694669548e-07
3.360766351712582655e-06
7.039296731950940797e-06
2.291796270906259096e-08
9.227922776826096589e-08
9.227866151545557687e-08
1.519839206149307150e-09
1.519842535359911059e-09
3.810912450162664171e-07
4.584451577724969997e-08
1.519835968786069059e-09
1.152697975397241801e-08
4.584464622045965165e-08
4.584464622045965165e-08
9.227897239890940517e-08
4.051645180014784920e-10
4.051640894835882958e-10
2.291803681940421354e-08
1.634572183751762585e-11
7.825234567543308491e-10
1.519833251784430946e-09
3.810906167348629592e-07
2.109387119979795115e-10
7.039308594420563858e-06
1.152704245273609250e-08
7.820608643348633721e-07
4.584486522029553273e-08
2.968730503957093599e-09
2.968730503957093599e-09
1.152701684334022082e-08
2.291795182780268355e-08
2.968730503957093599e-09
5.832608767693099031e-09
9.227912453375541799e-08
4.584479580864005601e-08
2.291802660763031666e-08
4.584479580864005601e-08
4.584479580864005601e-08
5.832627799126692975e-09
1.152702955721782242e-08
2.291802660763031666e-08
2.291800132991447324e-08
2.291802660763031666e-08
4.584474524356562035e-08
7.825268377099956292e-10
1.152702955721782242e-08
5.832627799126692975e-09
1.519844235638120979e-09
1.615697082222661296e-06
9.227876363034152691e-08
9.227876363034152691e-08
4.584451577724969997e-08
5.832621365959009883e-09
2.968743330596594063e-09
2.291796270906259096e-08
1.519839206149307150e-09
4.584479580864005601e-08
2.291802660763031666e-08
3.810893328587525401e-07
1.519835968786069059e-09
7.825234567543308491e-10
2.968736827573059083e-09
2.968736827573059083e-09
1.519837576226004554e-09
2.968733643806437466e-09
2.291792758887703190e-08
1.152703469341133509e-08
4.584464622045965165e-08
1.519841610447777404e-09
5.832624249635150667e-09
9.227892239660450009e-08
4.584486522029553273e-08
9.227912453375541799e-08
1.152697975397241801e-08
1.152700430729347907e-08
9.227892239660450009e-08
4.584464622045965165e-08
2.291797640576108423e-08
5.832602598897067876e-09
4.051660205607616200e-10
7.825280225005983782e-10
1.152699194537199677e-08
9.227892239660450009e-08
7.825280225005983782e-10
1.152701684334022082e-08
2.968733643806437466e-09
1.152697975397241801e-08
5.832602598897067876e-09
1.152699194537199677e-08
2.291800132991447324e-08
2.968747825444520905e-09
5.832636630060371274e-09
5.832596514611680254e-09
1.519835968786069059e-09
2.109389320391429634e-10
2.109401627928453798e-10
2.968730503957093599e-09
2.968747825444520905e-09
2.291795182780268355e-08
5.832602598897067876e-09
5.832602598897067876e-09
1.152697975397241801e-08
5.832602598897067876e-09
2.291800132991447324e-08
2.291800132991447324e-08
1.152700430729347907e-08
9.227912453375541799e-08
9.227922776826096589e-08
2.291800132991447324e-08
1.869247698176673444e-07
1.869247698176673444e-07
1.869234189198038439e-07
9.227922776826096589e-08
4.584484709613037677e-08
4.584479580864005601e-08
9.227912453375541799e-08
3.810897545694072455e-07
5.832602598897067876e-09
2.291797640576108423e-08
2.968727407122821176e-09
4.051660205607616200e-10
1.152699194537199677e-08
2.291797640576108423e-08
2.291797640576108423e-08
3.073940926392897365e-11
2.109397150487045957e-10
8.736002722591443011e-12
1.104172991286276482e-10
7.825280225005983782e-10
4.051660205607616200e-10
4.051647562331401372e-10
2.968730503957093599e-09
2.968727407122821176e-09
5.832608767693099031e-09
5.832602598897067876e-09
2.968730503957093599e-09
1.152704700980301142e-08
1.104169545695232781e-10
4.584481623608336090e-08
1.869246439909322942e-07
9.227872583608034506e-08
2.291790368201734285e-08
2.291795182780268355e-08
1.869243545307064289e-07
4.584469538575096369e-08
4.584454991052138504e-08
4.584469538575096369e-08
9.227892239660450009e-08
1.519839206149307150e-09
9.227922776826096589e-08
5.832608767693099031e-09
1.152700430729347907e-08
5.832608767693099031e-09
2.291800132991447324e-08
9.227882343378965497e-08
9.227912453375541799e-08
2.968733643806437466e-09
5.832615022772817992e-09
1.519839206149307150e-09
4.051645180014784920e-10
7.825242843827373166e-10
1.152699194537199677e-08
7.825271863869244869e-10
2.968727407122821176e-09
5.832602598897067876e-09
2.109399374080036898e-10
4.051664534720353173e-10
7.825280225005983782e-10
7.825280225005983782e-10
2.291795182780268355e-08
1.519837576226004554e-09
7.825234567543308491e-10
1.152700430729347907e-08
1.152701684334022082e-08
2.291802660763031666e-08
5.832621365959009883e-09
2.968743330596594063e-09
4.051660205607616200e-10
1.519835968786069059e-09
2.109399374080036898e-10
1.152700430729347907e-08
5.832600459873420565e-09
5.832596514611680254e-09
1.519843212568669005e-09
2.968747825444520905e-09
1.869245607014160259e-07
7.825226404641615197e-10
5.832624249635150667e-09
5.832608767693099031e-09
7.825234567543308491e-10
4.051636668362409897e-10
1.519843212568669005e-09
1.634572919366718642e-11
2.968747825444520905e-09
1.152697975397241801e-08
2.291797640576108423e-08
1.152699194537199677e-08
2.968730503957093599e-09
4.584474524356562035e-08
2.291800132991447324e-08
1.519843212568669005e-09
5.832596514611680254e-09
7.825226404641615197e-10
4.051660205607616200e-10
1.519835968786069059e-09
2.968735389384550499e-09
5.832612197193997044e-09
4.584454991052138504e-08
1.519836930578157237e-09
5.832606289921064222e-09
1.634565516755674823e-11
5.810686124492308465e-11
7.825280225005983782e-10
5.810697973110116212e-11
5.810676385920434047e-11
2.968730503957093599e-09
2.291797640576108423e-08
9.227866151545557687e-08
2.109389320391429634e-10
1.519835968786069059e-09
1.519843212568669005e-09
3.810916713506561882e-07
1.869243545307064289e-07
1.869234189198038439e-07
1.869247698176673444e-07
1.869246881406593709e-07
3.810916713506561882e-07
1.869236227916478902e-07
9.227856086995872183e-08
7.039329546364267277e-06
7.039329546364267277e-06
7.039329546364267277e-06
7.039329546364267277e-06
1.869236227916478902e-07
7.039321157702524971e-06
7.820620004494577099e-07
1.615697082222661296e-06
9.227922776826096589e-08
1.615693480098709946e-06
3.810916713506561882e-07
1.152697171937329505e-08
5.832598533424174289e-09
1.152697171937329505e-08
1.152698447503547366e-08
5.832598533424174289e-09
2.291793697528904485e-08
9.227856086995872183e-08
2.291793697528904485e-08
5.832598533424174289e-09
5.832621365959009883e-09
2.968740056184990164e-09
4.584484709613037677e-08
9.227922776826096589e-08
1.152697171937329505e-08
1.519842535359911059e-09
1.519842535359911059e-09
2.291800132991447324e-08
7.825226404641615197e-10
7.825263614971310479e-10
3.073935774541033779e-11
5.810676385920434047e-11
1.519839206149307150e-09
5.810716350606802993e-11
4.051653931450957818e-10
1.104168896457751987e-10
1.104172991286276482e-10
2.109401627928453798e-10
1.519839206149307150e-09
7.820659340156805737e-07
1.519843212568669005e-09
1.519844836488809222e-09
4.584464622045965165e-08
5.832602598897067876e-09
2.968747825444520905e-09
2.109391551366812896e-10
2.109389320391429634e-10
1.869234189198038439e-07
2.291800132991447324e-08
2.968738436214340828e-09
2.968733643806437466e-09
1.519840859031081267e-09
1.152699194537199677e-08
5.810710141986630697e-11
5.810692009564297740e-11
7.825263614971310479e-10
1.152699194537199677e-08
1.519837576226004554e-09
1.152699194537199677e-08
1.634568806097985417e-11
5.832596514611680254e-09
7.039300491927801638e-06
1.869236227916478902e-07
1.484885038997509815e-05
6.930261999770873137e-04
6.930253706739042223e-04
1.456220556376960115e-04
1.456217151046673697e-04
6.752745828249599649e-05
6.752745828249599649e-05
1.456218840613350909e-04
6.752753784550500965e-05
3.154930305443523085e-05
3.154954480402919338e-05
1.484886761825921526e-05
3.360768642976413883e-06
3.360768642976413883e-06
6.930261999770873137e-04
1.484892093111071234e-05
3.154937683175506908e-05
7.820605316530637492e-07
3.154949188958937545e-05
6.752753784550500965e-05
3.360758776558031274e-06
7.039309048103661045e-06
1.484893926626292598e-05
3.360754754938331725e-06
1.484888511366992252e-05
9.227897239890940517e-08
9.227897239890940517e-08
3.360756981440000780e-06
9.227886724703567273e-08
3.810919589736616087e-07
4.584472022718145739e-08
1.615704613962533248e-06
9.227907912034409595e-08
3.360750795194264882e-06
1.484888511366992252e-05
1.484888511366992252e-05
7.039321157702524971e-06
3.154949188958937545e-05
1.484893926626292598e-05
1.484893926626292598e-05
1.484892093111071234e-05
1.484893926626292598e-05
7.039317740102658771e-06
7.820655922909869579e-07
9.227897239890940517e-08
9.227897239890940517e-08
9.227897239890940517e-08
7.039309048103661045e-06
7.820614390338381012e-07
3.360758776558031274e-06
7.039275607232335015e-06
3.154937683175506908e-05
1.615698923311316219e-06
7.820628786003552616e-07
7.039321157702524971e-06
3.360768642976413883e-06
1.615698923311316219e-06
7.039304753237739568e-06
1.869240395303786492e-07
3.164425183514548616e-04
6.752753784550500965e-05
1.615691717911589105e-06
3.360753207764199750e-06
7.820611350263761204e-07
3.154937683175506908e-05
3.154943368380800099e-05
1.484891187139660942e-05
7.039304753237739568e-06
6.752753784550500965e-05
3.154933965931410822e-05
3.164413996926178038e-04
7.039281038155789396e-06
1.456218840613350909e-04
1.615698923311316219e-06
3.360758776558031274e-06
1.869246881406593709e-07
7.820614390338381012e-07
1.869249108962269854e-07
7.820614390338381012e-07
7.039309048103661045e-06
3.810894809980784030e-07
1.484888511366992252e-05
7.039309048103661045e-06
1.456227693975416996e-04
1.484885038997509815e-05
6.752770073070277104e-05
3.154949188958937545e-05
3.810906167348629592e-07
1.615696011823171054e-06
7.820637697618910649e-07
1.484886761825921526e-05
7.039283774507235832e-06
7.039283774507235832e-06
6.752745828249599649e-05
1.869242525305440109e-07
9.227876363034152691e-08
7.825263614971310479e-10
1.615691717911589105e-06
1.869234189198038439e-07
1.869238296399549664e-07
3.154937683175506908e-05
7.039275607232335015e-06
1.615697082222661296e-06
7.039329546364267277e-06
7.039292068416102515e-06
3.810893328587525401e-07
7.820628786003552616e-07
7.039275607232335015e-06
7.820620004494577099e-07
7.820628786003552616e-07
7.820628786003552616e-07
3.360768642976413883e-06
3.360756981440000780e-06
3.154930305443523085e-05
6.752753784550500965e-05
3.360768642976413883e-06
4.584451577724969997e-08
1.869234189198038439e-07
9.227856086995872183e-08
3.810893328587525401e-07
7.820620004494577099e-07
7.820611350263761204e-07
1.615693480098709946e-06
4.584484709613037677e-08
3.810901824821684279e-07
1.615698923311316219e-06
7.820637697618910649e-07
1.615698923311316219e-06
9.227866151545557687e-08
3.360764697775513956e-06
7.820620004494577099e-07
7.820620004494577099e-07
7.820620004494577099e-07
1.869236227916478902e-07
7.820620004494577099e-07
3.810893328587525401e-07
3.810889172163535183e-07
2.291805224648522496e-08
2.291805224648522496e-08
1.869238296399549664e-07
2.291802660763031666e-08
2.291802660763031666e-08
5.832615022772817992e-09
3.154937683175506908e-05
7.820611350263761204e-07
7.820611350263761204e-07
1.484885038997509815e-05
1.869238296399549664e-07
3.164425183514548616e-04
6.752753784550500965e-05
3.404866489899418657e-03
1.152696772959165606e-08
5.832615022772817992e-09
2.291800132991447324e-08
4.584474524356562035e-08
9.227856086995872183e-08
2.291802660763031666e-08
9.227922776826096589e-08
9.227902275337405496e-08
9.227912453375541799e-08
1.152701684334022082e-08
1.152697171937329505e-08
2.968736827573059083e-09
1.519839206149307150e-09
2.291802660763031666e-08
4.051645180014784920e-10
9.227922776826096589e-08
1.152697171937329505e-08
5.832615022772817992e-09
4.051664534720353173e-10
1.519842535359911059e-09
7.825259746124919854e-10
4.051649525130997613e-10
2.109391551366812896e-10
2.968733643806437466e-09
7.825259746124919854e-10
1.519842535359911059e-09
1.519842535359911059e-09
5.810716350606802993e-11
3.073953632010988755e-11
4.584469538575096369e-08
3.810912450162664171e-07
4.051649525130997613e-10
1.519834383367618313e-09
2.968730503957093599e-09
4.051640894835882958e-10
1.152700430729347907e-08
5.832602598897067876e-09
1.152699194537199677e-08
1.519843212568669005e-09
1.519843212568669005e-09
5.832596514611680254e-09
2.109399374080036898e-10
5.810676385920434047e-11
5.832608767693099031e-09
1.104166576831676093e-10
1.519834383367618313e-09
1.519834383367618313e-09
1.519834383367618313e-09
1.615693480098709946e-06
3.360753207764199750e-06
1.615700791881136458e-06
1.456220556376960115e-04
6.930253706739042223e-04
3.404858276938728216e-03
3.404866489899418657e-03
6.752753784550500965e-05
1.456220556376960115e-04
6.752781689741403116e-05
1.456217151046673697e-04
3.154950720691835074e-05
1.456228309451760119e-04
1.456218840613350909e-04
3.154950720691835074e-05
6.930245541302307256e-04
6.930245541302307256e-04
1.484894647544678485e-05
3.360760811026387097e-06
1.484886761825921526e-05
6.930253706739042223e-04
7.039329546364267277e-06
3.404858276938728216e-03
1.456220556376960115e-04
1.529898858622047832e-03
1.529898858622047832e-03
3.154933965931410822e-05
3.154937683175506908e-05
7.039288827772445672e-06
1.484896417073151278e-05
1.456220556376960115e-04
1.484885038997509815e-05
1.456218840613350909e-04
3.154937683175506908e-05
1.484885038997509815e-05
1.484886761825921526e-05
1.615697082222661296e-06
1.615700791881136458e-06
6.752753784550500965e-05
1.484885038997509815e-05
3.810894809980784030e-07
1.615702688551967596e-06
3.154937683175506908e-05
1.484892904429199697e-05
3.810906167348629592e-07
1.484886761825921526e-05
3.360768642976413883e-06
3.154937683175506908e-05
7.039309048103661045e-06
1.456220556376960115e-04
1.615697082222661296e-06
6.752753784550500965e-05
1.484896417073151278e-05
1.484894647544678485e-05
3.360754754938331725e-06
1.615694108160747646e-06
1.615703394535552329e-06
1.484886761825921526e-05
1.484886761825921526e-05
1.484893926626292598e-05
7.820628786003552616e-07
3.360772647958057007e-06
3.164425183514548616e-04
6.752745828249599649e-05
7.039304753237739568e-06
2.291800132991447324e-08
7.039275607232335015e-06
3.810906167348629592e-07
7.039283774507235832e-06
3.154937683175506908e-05
7.039283774507235832e-06
7.039300491927801638e-06
1.484886761825921526e-05
2.291793697528904485e-08
6.752778411256641342e-05
7.039283774507235832e-06
1.152695914726023451e-08
1.152695914726023451e-08
2.968743330596594063e-09
2.968743330596594063e-09
2.291793697528904485e-08
3.810919589736616087e-07
2.291793697528904485e-08
5.832598533424174289e-09
4.584466798713036466e-08
9.227897239890940517e-08
9.227897239890940517e-08
9.227897239890940517e-08
9.227907912034409595e-08
3.360758776558031274e-06
9.227897239890940517e-08
3.810890388419368108e-07
9.227866151545557687e-08
1.152697171937329505e-08
5.832598533424174289e-09
1.152697171937329505e-08
1.152697171937329505e-08
9.227856086995872183e-08
9.227897239890940517e-08
2.968743330596594063e-09
2.968743330596594063e-09
1.152697171937329505e-08
2.291793697528904485e-08
1.869236227916478902e-07
4.584474524356562035e-08
1.869247698176673444e-07
1.869236227916478902e-07
9.227856086995872183e-08
9.227856086995872183e-08
1.152697171937329505e-08
1.152697171937329505e-08
1.152697171937329505e-08
4.584451577724969997e-08
1.152697171937329505e-08
4.584451577724969997e-08
3.810906167348629592e-07
3.810901824821684279e-07
7.820637697618910649e-07
2.291788661863545348e-08
1.152697171937329505e-08
4.584466798713036466e-08
9.227876363034152691e-08
1.152697171937329505e-08
1.152697171937329505e-08
5.832598533424174289e-09
1.869238296399549664e-07
9.227866151545557687e-08
1.869236227916478902e-07
1.152698447503547366e-08
4.584461650976395036e-08
1.869242525305440109e-07
3.810901824821684279e-07
1.869234189198038439e-07
4.584451577724969997e-08
7.820637697618910649e-07
9.227876363034152691e-08
7.820637697618910649e-07
1.615698923311316219e-06
7.820646742254471006e-07
7.820646742254471006e-07
3.810910574694669548e-07
9.227897239890940517e-08
3.810910574694669548e-07
7.039309048103661045e-06
7.820637697618910649e-07
1.615698923311316219e-06
1.152697171937329505e-08
4.584451577724969997e-08
1.152697171937329505e-08
1.152697171937329505e-08
9.227856086995872183e-08
4.584451577724969997e-08
1.869240395303786492e-07
7.820628786003552616e-07
9.227856086995872183e-08
1.869247698176673444e-07
1.869234189198038439e-07
1.869234189198038439e-07
9.227922776826096589e-08
3.810897545694072455e-07
5.832598533424174289e-09
4.584456577850442317e-08
9.227866151545557687e-08
1.152697171937329505e-08
4.584451577724969997e-08
2.291788661863545348e-08
1.152697171937329505e-08
1.152697171937329505e-08
5.832598533424174289e-09
1.869247698176673444e-07
1.152697171937329505e-08
1.152697171937329505e-08
4.584472022718145739e-08
4.584472022718145739e-08
9.227897239890940517e-08
2.291788661863545348e-08
4.584451577724969997e-08
4.584474524356562035e-08
1.152701684334022082e-08
1.152701684334022082e-08
1.152697171937329505e-08
2.291793697528904485e-08
1.152697171937329505e-08
9.227897239890940517e-08
5.832592171988413531e-09
1.152697171937329505e-08
9.227897239890940517e-08
9.227897239890940517e-08
3.360754754938331725e-06
1.615698923311316219e-06
7.820637697618910649e-07
3.810919589736616087e-07
4.584466798713036466e-08
1.152697171937329505e-08
4.584466798713036466e-08
5.832598533424174289e-09
2.291793697528904485e-08
2.291793697528904485e-08
9.227856086995872183e-08
4.584466798713036466e-08
2.291796270906259096e-08
1.152697171937329505e-08
5.832598533424174289e-09
5.832598533424174289e-09
5.832598533424174289e-09
9.227897239890940517e-08
3.810919589736616087e-07
9.227897239890940517e-08
9.227897239890940517e-08
9.227897239890940517e-08
2.291793697528904485e-08
4.584466798713036466e-08
9.227897239890940517e-08
2.291793697528904485e-08
9.227907912034409595e-08
3.810915048321819016e-07
3.810910574694669548e-07
7.820646742254471006e-07
4.584451577724969997e-08
1.152697171937329505e-08
3.810893328587525401e-07
3.360772647958057007e-06
7.820637697618910649e-07
3.360750795194264882e-06
9.227897239890940517e-08
2.291791161449650444e-08
4.584466798713036466e-08
7.039329546364267277e-06
7.820637697618910649e-07
7.820628786003552616e-07
1.615697082222661296e-06
4.584451577724969997e-08
1.615697082222661296e-06
9.227866151545557687e-08
7.820605316530637492e-07
1.869244687100582340e-07
4.584466798713036466e-08
3.810901824821684279e-07
1.152697171937329505e-08
7.820628786003552616e-07
4.584456577850442317e-08
1.869236227916478902e-07
3.810901824821684279e-07
3.810897545694072455e-07
1.152704245273609250e-08
5.832627799126692975e-09
9.227897239890940517e-08
1.152697171937329505e-08
9.227866151545557687e-08
1.152697171937329505e-08
5.832598533424174289e-09
1.152697171937329505e-08
1.152697171937329505e-08
1.152697171937329505e-08
4.584466798713036466e-08
2.291791161449650444e-08
5.832598533424174289e-09
2.291796270906259096e-08
9.227897239890940517e-08
5.832634324204109648e-09
5.832592171988413531e-09
1.152695914726023451e-08
1.152695914726023451e-08
1.152695914726023451e-08
5.832598533424174289e-09
4.584484709613037677e-08
1.152695914726023451e-08
1.152697171937329505e-08
1.152697171937329505e-08
1.152697171937329505e-08
1.152697171937329505e-08
2.291793697528904485e-08
1.152697171937329505e-08
1.152697171937329505e-08
9.227912453375541799e-08
4.584479580864005601e-08
6.752778411256641342e-05
1.152697171937329505e-08
3.164421396835376894e-04
1.615698923311316219e-06
1.615697082222661296e-06
1.456220556376960115e-04
1.484891187139660942e-05
3.404866489899418657e-03
3.164421396835376894e-04
3.164421396835376894e-04
6.930261999770873137e-04
3.360754754938331725e-06
9.227897239890940517e-08
1.152698447503547366e-08
1.484886761825921526e-05
3.154933965931410822e-05
7.820646742254471006e-07
1.615698923311316219e-06
1.484886761825921526e-05
3.360768642976413883e-06
7.039329546364267277e-06
1.615698923311316219e-06
1.615698923311316219e-06
1.484885038997509815e-05
3.360768642976413883e-06
3.164425183514548616e-04
3.154937683175506908e-05
3.154937683175506908e-05
1.484886761825921526e-05
1.484886761825921526e-05
1.484886761825921526e-05
7.039309048103661045e-06
1.615698923311316219e-06
3.360750795194264882e-06
2.291788661863545348e-08
1.484886761825921526e-05
1.484892093111071234e-05
4.584466798713036466e-08
1.152697171937329505e-08
4.584472022718145739e-08
9.227856086995872183e-08
4.584451577724969997e-08
9.227856086995872183e-08
1.869234189198038439e-07
1.869236227916478902e-07
1.615698923311316219e-06
9.227922776826096589e-08
1.615698923311316219e-06
3.360758776558031274e-06
7.820646742254471006e-07
7.039283774507235832e-06
1.152697171937329505e-08
3.360768642976413883e-06
1.152698447503547366e-08
5.832598533424174289e-09
1.869236227916478902e-07
1.615697082222661296e-06
1.615698923311316219e-06
9.227856086995872183e-08
1.869236227916478902e-07
9.227866151545557687e-08
3.810889172163535183e-07
3.810916713506561882e-07
3.810916713506561882e-07
1.869234189198038439e-07
1.869234189198038439e-07
1.869234189198038439e-07
1.869236227916478902e-07
1.615700791881136458e-06
1.484885038997509815e-05
1.615700791881136458e-06
9.227856086995872183e-08
9.227856086995872183e-08
7.820637697618910649e-07
7.039329546364267277e-06
1.456220556376960115e-04
3.154933965931410822e-05
6.930261999770873137e-04
6.930261999770873137e-04
1.484885038997509815e-05
6.752753784550500965e-05
1.484888511366992252e-05
6.930261999770873137e-04
6.930261999770873137e-04
6.930253706739042223e-04
3.164425183514548616e-04
6.752753784550500965e-05
6.752753784550500965e-05
3.164436907102218931e-04
1.529892544050625225e-03
3.164429029831063145e-04
3.154949188958937545e-05
1.456225867086721065e-04
3.164432937205267069e-04
3.154945293295153310e-05
6.752778411256641342e-05
6.752745828249599649e-05
1.456225867086721065e-04
6.930287675060630911e-04
6.930287675060630911e-04
1.529892544050625225e-03
3.164425183514548616e-04
1.529892544050625225e-03
1.529892544050625225e-03
1.456227693975416996e-04
3.164432937205267069e-04
6.752761865178490348e-05
7.039275607232335015e-06
3.164425183514548616e-04
6.752761865178490348e-05
3.154933965931410822e-05
6.752753784550500965e-05
1.484892093111071234e-05
3.154945293295153310e-05
1.484892093111071234e-05
3.154945293295153310e-05
1.484888511366992252e-05
3.154933965931410822e-05
7.039321157702524971e-06
7.039275607232335015e-06
3.810919589736616087e-07
3.164436907102218931e-04
3.810890388419368108e-07
2.291796270906259096e-08
2.291796270906259096e-08
3.360772647958057007e-06
3.360768642976413883e-06
3.810910574694669548e-07
3.164436907102218931e-04
1.484886761825921526e-05
1.615704613962533248e-06
7.820605316530637492e-07
1.484888511366992252e-05
6.752753784550500965e-05
1.456227693975416996e-04
7.820620004494577099e-07
7.039312894254549563e-06
1.615700791881136458e-06
6.752753784550500965e-05
3.154933965931410822e-05
1.484886761825921526e-05
7.039283774507235832e-06
7.039292068416102515e-06
3.154937683175506908e-05
1.869234189198038439e-07
9.227856086995872183e-08
1.152695914726023451e-08
1.869234189198038439e-07
1.869234189198038439e-07
4.584456577850442317e-08
4.584472022718145739e-08
4.584466798713036466e-08
5.832598533424174289e-09
1.615700791881136458e-06
1.615700791881136458e-06
9.227866151545557687e-08
1.869234189198038439e-07
1.869236227916478902e-07
1.869236227916478902e-07
1.869234189198038439e-07
9.227856086995872183e-08
9.227856086995872183e-08
9.227918744673369175e-08
9.227897239890940517e-08
9.227897239890940517e-08
1.869246881406593709e-07
1.869234189198038439e-07
6.752778411256641342e-05
1.615696011823171054e-06
9.227918744673369175e-08
1.152697171937329505e-08
6.752753784550500965e-05
1.484892904429199697e-05
1.484894647544678485e-05
3.154950720691835074e-05
3.360756981440000780e-06
1.615698923311316219e-06
1.615698923311316219e-06
1.615700791881136458e-06
3.810897545694072455e-07
3.154937683175506908e-05
3.154937683175506908e-05
6.752745828249599649e-05
6.752745828249599649e-05
6.752745828249599649e-05
3.360768642976413883e-06
6.930261999770873137e-04
6.752753784550500965e-05
9.227897239890940517e-08
3.810889172163535183e-07
3.810897545694072455e-07
1.615704613962533248e-06
3.810906167348629592e-07
3.404866489899418657e-03
6.752753784550500965e-05
6.930261999770873137e-04
1.456220556376960115e-04
1.456220556376960115e-04
3.154933965931410822e-05
6.930261999770873137e-04
3.154937683175506908e-05
6.930261999770873137e-04
6.930261999770873137e-04
3.154933965931410822e-05
6.752753784550500965e-05
1.484885038997509815e-05
3.164421396835376894e-04
3.154937683175506908e-05
1.484885038997509815e-05
7.039283774507235832e-06
1.615700791881136458e-06
1.456225867086721065e-04
1.484886761825921526e-05
7.039275607232335015e-06
1.456220556376960115e-04
1.529892544050625225e-03
3.164436907102218931e-04
7.039309048103661045e-06
3.360758776558031274e-06
7.039309048103661045e-06
3.360750795194264882e-06
1.456225867086721065e-04
1.456220556376960115e-04
6.752753784550500965e-05
3.164425183514548616e-04
1.456218840613350909e-04
7.820646742254471006e-07
3.154949188958937545e-05
7.820605316530637492e-07
7.820605316530637492e-07
1.869246881406593709e-07
1.456220556376960115e-04
1.484885038997509815e-05
7.039283774507235832e-06
3.164436907102218931e-04
1.869236227916478902e-07
1.869236227916478902e-07
1.869236227916478902e-07
9.227897239890940517e-08
6.930261999770873137e-04
3.164421396835376894e-04
6.930261999770873137e-04
6.930261999770873137e-04
3.164436907102218931e-04
3.164436907102218931e-04
7.039309048103661045e-06
6.752761865178490348e-05
6.752778411256641342e-05
3.164425183514548616e-04
3.164421396835376894e-04
3.164421396835376894e-04
3.154937683175506908e-05
7.039329546364267277e-06
1.484885038997509815e-05
7.039329546364267277e-06
7.039329546364267277e-06
1.456225867086721065e-04
1.869244687100582340e-07
3.360758776558031274e-06
1.484890288246731179e-05
6.930261999770873137e-04
7.820620004494577099e-07
3.154954480402919338e-05
3.164413996926178038e-04
3.164413996926178038e-04
3.404854265230736372e-03
1.484889495106357346e-05
1.456228309451760119e-04
3.164430758817824850e-04
3.164438244555279559e-04
1.615697082222661296e-06
7.820628786003552616e-07
6.752750675818656697e-05
6.752773762661463388e-05
7.640787742066033200e-03
7.039304753237739568e-06
1.529890713319324727e-03
1.456220556376960115e-04
6.752745828249599649e-05
1.529892544050625225e-03
1.456217151046673697e-04
3.164417668417459067e-04
3.164421396835376894e-04
6.930253706739042223e-04
6.930253706739042223e-04
3.164421396835376894e-04
1.615700791881136458e-06
1.615698923311316219e-06
1.484886761825921526e-05
1.529892544050625225e-03
3.154937683175506908e-05
3.164421396835376894e-04
3.154937683175506908e-05
3.164421396835376894e-04
6.930261999770873137e-04
6.930261999770873137e-04
6.930261999770873137e-04
6.930261999770873137e-04
6.752753784550500965e-05
1.456220556376960115e-04
1.484890288246731179e-05
3.360754754938331725e-06
3.164425183514548616e-04
6.752753784550500965e-05
6.930261999770873137e-04
1.456220556376960115e-04
3.164425183514548616e-04
1.456222298951382818e-04
6.752745828249599649e-05
6.930261999770873137e-04
7.039292068416102515e-06
6.752770073070277104e-05
6.930287675060630911e-04
3.154937683175506908e-05
3.360772647958057007e-06
7.039321157702524971e-06
6.930261999770873137e-04
6.752737993428148367e-05
1.729231347752856890e-02
3.164421396835376894e-04
1.484896417073151278e-05
6.752745828249599649e-05
3.164421396835376894e-04
3.404862351334740633e-03
1.529894403614563822e-03
3.154937683175506908e-05
1.529892544050625225e-03
1.484896417073151278e-05
1.456222298951382818e-04
9.227929741456609555e-08
1.869246881406593709e-07
9.227897239890940517e-08
4.584472022718145739e-08
1.869246881406593709e-07
3.154937683175506908e-05
1.484888511366992252e-05
1.615692233564075382e-06
4.584479580864005601e-08
1.869234189198038439e-07
5.810712497255867875e-11
2.291805224648522496e-08
3.360754754938331725e-06
3.810901824821684279e-07
5.832592171988413531e-09
4.584466798713036466e-08
1.484896417073151278e-05
1.519842535359911059e-09
3.154954480402919338e-05
3.810901824821684279e-07
6.752753784550500965e-05
7.640815607354614972e-03
1.484885038997509815e-05
3.164425183514548616e-04
7.039329546364267277e-06
1.529892544050625225e-03
1.869245607014160259e-07
6.752765953029254075e-05
1.484888511366992252e-05
1.869238296399549664e-07
2.291800132991447324e-08
7.039329546364267277e-06
4.584456577850442317e-08
3.810893328587525401e-07
9.227902275337405496e-08
1.634575653321813877e-11
4.099338953683018526e-13
7.820628786003552616e-07
1.869238296399549664e-07
3.154933965931410822e-05
3.360764697775513956e-06
3.154937683175506908e-05
1.869244687100582340e-07
1.615700791881136458e-06
1.456220556376960115e-04
7.820637697618910649e-07
1.456220556376960115e-04
1.484896417073151278e-05
7.039321157702524971e-06
3.360764697775513956e-06
3.360768642976413883e-06
7.820620004494577099e-07
4.584479580864005601e-08
3.810897545694072455e-07
1.615702688551967596e-06
5.832615022772817992e-09
1.152702955721782242e-08
4.584451577724969997e-08
1.152702955721782242e-08
2.291802660763031666e-08
1.152702955721782242e-08
4.584484709613037677e-08
3.810901824821684279e-07
2.291805224648522496e-08
4.584451577724969997e-08
2.291788661863545348e-08
1.152702955721782242e-08
1.484885038997509815e-05
1.152702955721782242e-08
4.584484709613037677e-08
7.820605316530637492e-07
1.152695914726023451e-08
3.154937683175506908e-05
1.615692233564075382e-06
3.360768642976413883e-06
4.584456577850442317e-08
1.152702955721782242e-08
2.968728434676153519e-09
2.291791161449650444e-08
4.584456577850442317e-08
1.152702955721782242e-08
1.152704245273609250e-08
4.584456577850442317e-08
9.227886724703567273e-08
3.810915048321819016e-07
4.584461650976395036e-08
4.584461650976395036e-08
1.152704245273609250e-08
6.752737993428148367e-05
3.164425183514548616e-04
6.752789736938021221e-05
3.154933965931410822e-05
1.456218840613350909e-04
1.869249108962269854e-07
6.930261999770873137e-04
1.456218840613350909e-04
7.820611350263761204e-07
3.360770111469141238e-06
3.360760811026387097e-06
3.164425183514548616e-04
7.039300491927801638e-06
7.039283774507235832e-06
1.456220556376960115e-04
3.810906167348629592e-07
1.484894647544678485e-05
1.615695268013193421e-06
3.810912450162664171e-07
4.584466798713036466e-08
1.869242525305440109e-07
9.227897239890940517e-08
2.291798882410770271e-08
4.584472022718145739e-08
2.968728434676153519e-09
7.820614390338381012e-07
1.152697171937329505e-08
5.832592171988413531e-09
1.152697975397241801e-08
9.227882343378965497e-08
1.869245607014160259e-07
2.291797640576108423e-08
2.291797640576108423e-08
2.291797640576108423e-08
9.227872583608034506e-08
1.152700430729347907e-08
4.584479580864005601e-08
1.869247698176673444e-07
7.820620004494577099e-07
9.227922776826096589e-08
1.615700791881136458e-06
1.615700791881136458e-06
3.810897545694072455e-07
1.869234189198038439e-07
3.810893328587525401e-07
2.291788661863545348e-08
3.810901824821684279e-07
7.820620004494577099e-07
1.615697082222661296e-06
1.615697082222661296e-06
7.820628786003552616e-07
1.615700791881136458e-06
7.039321157702524971e-06
9.227922776826096589e-08
1.615698923311316219e-06
7.820620004494577099e-07
7.820628786003552616e-07
9.227922776826096589e-08
9.227907912034409595e-08
1.484896417073151278e-05
7.039312894254549563e-06
1.456228309451760119e-04
6.752789736938021221e-05
4.584479580864005601e-08
1.869247698176673444e-07
9.227856086995872183e-08
9.227856086995872183e-08
3.360760811026387097e-06
9.227922776826096589e-08
1.869236227916478902e-07
3.810889172163535183e-07
1.615697082222661296e-06
7.820620004494577099e-07
7.820620004494577099e-07
1.615697082222661296e-06
7.820646742254471006e-07
2.291791161449650444e-08
9.227907912034409595e-08
2.291791161449650444e-08
1.152697171937329505e-08
1.869236227916478902e-07
1.869238296399549664e-07
3.810897545694072455e-07
3.810897545694072455e-07
7.820637697618910649e-07
1.869234189198038439e-07
7.820646742254471006e-07
7.820637697618910649e-07
9.227897239890940517e-08
3.810906167348629592e-07
9.227866151545557687e-08
3.810901824821684279e-07
9.227866151545557687e-08
7.820628786003552616e-07
3.810915048321819016e-07
9.227886724703567273e-08
1.152702955721782242e-08
5.832598533424174289e-09
5.832598533424174289e-09
1.869234189198038439e-07
9.227856086995872183e-08
9.227856086995872183e-08
2.968743330596594063e-09
1.615698923311316219e-06
3.810889172163535183e-07
1.869247698176673444e-07
1.869236227916478902e-07
3.360764697775513956e-06
2.291802660763031666e-08
7.820620004494577099e-07
1.615700791881136458e-06
1.615700791881136458e-06
3.360768642976413883e-06
3.810901824821684279e-07
9.227912453375541799e-08
7.039275607232335015e-06
3.810893328587525401e-07
3.810901824821684279e-07
3.810897545694072455e-07
7.039329546364267277e-06
7.039329546364267277e-06
7.820628786003552616e-07
3.810912450162664171e-07
1.484892904429199697e-05
3.810893328587525401e-07
3.810897545694072455e-07
1.615691717911589105e-06
7.039312894254549563e-06
9.227922776826096589e-08
2.291802660763031666e-08
2.291805224648522496e-08
4.584484709613037677e-08
9.227856086995872183e-08
4.584451577724969997e-08
9.227922776826096589e-08
9.227922776826096589e-08
9.227922776826096589e-08
1.869238296399549664e-07
3.810901824821684279e-07
9.227866151545557687e-08
4.584484709613037677e-08
5.832608767693099031e-09
2.968740056184990164e-09
4.584469538575096369e-08
1.869239507803844682e-07
7.820616801433076077e-07
9.227912453375541799e-08
1.869247698176673444e-07
4.584479580864005601e-08
1.519839206149307150e-09
2.968736827573059083e-09
1.152701684334022082e-08
1.152701684334022082e-08
5.832608767693099031e-09
1.152700430729347907e-08
1.152699194537199677e-08
2.291800132991447324e-08
2.291800132991447324e-08
4.584474524356562035e-08
4.584479580864005601e-08
4.584479580864005601e-08
2.968733643806437466e-09
4.584474524356562035e-08
2.291800132991447324e-08
2.291797640576108423e-08
2.291805224648522496e-08
1.152702955721782242e-08
2.291805224648522496e-08
3.154937683175506908e-05
1.615692233564075382e-06
3.154941458505980363e-05
3.154937683175506908e-05
1.729239823501221157e-02
6.930261999770873137e-04
6.930261999770873137e-04
1.529892544050625225e-03
3.154933965931410822e-05
1.456220556376960115e-04
6.752753784550500965e-05
7.039275607232335015e-06
3.164425183514548616e-04
1.456222298951382818e-04
6.752761865178490348e-05
6.930261999770873137e-04
1.456220556376960115e-04
6.930261999770873137e-04
3.164425183514548616e-04
6.930261999770873137e-04
3.164425183514548616e-04
1.484886761825921526e-05
1.615700791881136458e-06
3.360768642976413883e-06
3.810897545694072455e-07
1.484885038997509815e-05
3.164425183514548616e-04
6.930261999770873137e-04
6.930261999770873137e-04
3.164425183514548616e-04
6.752753784550500965e-05
6.752753784550500965e-05
6.752753784550500965e-05
3.154937683175506908e-05
3.154937683175506908e-05
3.810910574694669548e-07
1.456218840613350909e-04
1.456222298951382818e-04
7.039321157702524971e-06
6.752753784550500965e-05
1.456220556376960115e-04
1.615702688551967596e-06
1.615698923311316219e-06
4.051640894835882958e-10
1.615702688551967596e-06
1.456220556376960115e-04
3.810893328587525401e-07
1.615695268013193421e-06
6.752743203282853132e-05
1.529888910755326488e-03
3.404850314774645215e-03
1.152701684334022082e-08
2.291802660763031666e-08
2.291802660763031666e-08
1.456221521123790986e-04
7.820641965156944409e-07
7.039308594420563858e-06
1.529895239521139117e-03
1.484892904429199697e-05
7.820611350263761204e-07
6.930290604155241001e-04
3.164421396835376894e-04
1.529892544050625225e-03
9.227897239890940517e-08
1.615695268013193421e-06
3.360756981440000780e-06
3.810889172163535183e-07
4.584466798713036466e-08
3.154930305443523085e-05
7.039312894254549563e-06
3.810910574694669548e-07
7.820646742254471006e-07
1.615692233564075382e-06
3.360768642976413883e-06
1.729231347752856890e-02
7.820628786003552616e-07
1.484888511366992252e-05
1.615695268013193421e-06
3.164421396835376894e-04
1.484885038997509815e-05
3.810912450162664171e-07
3.154933965931410822e-05
1.615698923311316219e-06
3.360768642976413883e-06
3.154930305443523085e-05
1.484892904429199697e-05
2.109399374080036898e-10
4.584472022718145739e-08
9.227856086995872183e-08
4.584461650976395036e-08
1.152699194537199677e-08
1.104174171071659596e-10
2.968730503957093599e-09
3.360768642976413883e-06
7.820628786003552616e-07
1.615698923311316219e-06
3.810893328587525401e-07
7.820628786003552616e-07
2.291802660763031666e-08
1.152701684334022082e-08
2.968736827573059083e-09
1.519844836488809222e-09
1.519843212568669005e-09
7.825242843827373166e-10
9.227897239890940517e-08
4.584461650976395036e-08
7.825242843827373166e-10
3.360756981440000780e-06
7.039292068416102515e-06
1.615698923311316219e-06
2.291797640576108423e-08
7.039292068416102515e-06
4.584474524356562035e-08
7.820620004494577099e-07
1.519843212568669005e-09
2.109399374080036898e-10
2.291800132991447324e-08
9.227922776826096589e-08
1.152700430729347907e-08
2.291800132991447324e-08
4.584469538575096369e-08
1.152700430729347907e-08
2.109390655268351002e-10
4.051651720560032680e-10
1.104171827338209440e-10
4.051660205607616200e-10
1.519841610447777404e-09
7.825255476067517452e-10
1.519843212568669005e-09
2.291800132991447324e-08
5.832596514611680254e-09
5.832602598897067876e-09
2.968727407122821176e-09
1.152699194537199677e-08
5.832602598897067876e-09
2.109394956544223615e-10
2.968747825444520905e-09
1.519840859031081267e-09
2.291795182780268355e-08
5.832621365959009883e-09
1.152701684334022082e-08
1.519834383367618313e-09
7.825268377099956292e-10
5.832627799126692975e-09
7.825251235872589376e-10
1.104166576831676093e-10
1.104166576831676093e-10
7.825242843827373166e-10
2.291795182780268355e-08
5.832608767693099031e-09
2.291800132991447324e-08
5.832602598897067876e-09
4.584474524356562035e-08
5.832602598897067876e-09
2.968730503957093599e-09
3.073950391647008674e-11
2.291790368201734285e-08
5.832608767693099031e-09
4.051651720560032680e-10
4.584484709613037677e-08
7.825242843827373166e-10
1.152695914726023451e-08
2.291802660763031666e-08
4.584466798713036466e-08
2.968743330596594063e-09
9.227912453375541799e-08
9.227922776826096589e-08
4.584451577724969997e-08
4.584451577724969997e-08
3.810897545694072455e-07
2.291797640576108423e-08
1.615698923311316219e-06
1.729239823501221157e-02
6.752778411256641342e-05
7.039300491927801638e-06
1.456225867086721065e-04
1.456227693975416996e-04
7.039292068416102515e-06
6.752761865178490348e-05
6.752753784550500965e-05
6.930261999770873137e-04
3.154941458505980363e-05
6.930270423411700976e-04
3.164425183514548616e-04
6.752753784550500965e-05
1.456222298951382818e-04
6.752761865178490348e-05
3.164425183514548616e-04
3.154937683175506908e-05
3.154941458505980363e-05
3.154941458505980363e-05
7.039283774507235832e-06
7.039283774507235832e-06
3.360760811026387097e-06
3.947510696393800866e-02
7.820655922909869579e-07
7.820655922909869579e-07
9.227897239890940517e-08
6.752737993428148367e-05
3.360750795194264882e-06
1.152704245273609250e-08
3.360768642976413883e-06
1.869234189198038439e-07
3.164425183514548616e-04
3.154933965931410822e-05
3.154933965931410822e-05
6.752753784550500965e-05
1.456217151046673697e-04
6.752770073070277104e-05
3.810919589736616087e-07
6.930261999770873137e-04
3.404862351334740633e-03
1.529892544050625225e-03
1.456225867086721065e-04
6.930261999770873137e-04
1.456220556376960115e-04
6.930261999770873137e-04
6.752778411256641342e-05
3.404862351334740633e-03
1.615695268013193421e-06
7.820637697618910649e-07
6.752753784550500965e-05
3.154930305443523085e-05
3.154933965931410822e-05
7.820646742254471006e-07
6.752745828249599649e-05
6.930253706739042223e-04
7.039321157702524971e-06
3.154933965931410822e-05
3.164421396835376894e-04
1.615698923311316219e-06
3.404866489899418657e-03
1.729235518883614001e-02
2.291797640576108423e-08
7.820637697618910649e-07
9.227866151545557687e-08
3.154943368380800099e-05
4.584479580864005601e-08
3.360749488783613278e-06
1.484886184612078533e-05
3.810893328587525401e-07
9.227866151545557687e-08
3.810893328587525401e-07
7.820611350263761204e-07
1.869238296399549664e-07
3.360768642976413883e-06
6.930237500537981188e-04
6.930245541302307256e-04
3.164413996926178038e-04
6.930253706739042223e-04
1.869238296399549664e-07
1.152702955721782242e-08
4.584479580864005601e-08
9.227866151545557687e-08
1.456226574086676607e-04
1.615693480098709946e-06
3.164427099130524466e-04
1.529897035464893289e-03
7.640778739456162948e-03
7.039293389750838951e-06
2.291795182780268355e-08
3.360745823317550279e-06
9.227866151545557687e-08
9.227866151545557687e-08
2.291805224648522496e-08
7.820620004494577099e-07
3.360768642976413883e-06
4.584456577850442317e-08
9.227922776826096589e-08
5.832615022772817992e-09
1.869240395303786492e-07
1.456218840613350909e-04
7.039329546364267277e-06
3.164421396835376894e-04
1.456220556376960115e-04
1.615702688551967596e-06
6.930261999770873137e-04
1.729235518883614001e-02
3.360760811026387097e-06
3.360760811026387097e-06
3.154930305443523085e-05
3.360760811026387097e-06
6.930261999770873137e-04
7.820605316530637492e-07
3.360772647958057007e-06
9.227886724703567273e-08
7.820646742254471006e-07
3.810915048321819016e-07
3.810906167348629592e-07
1.152697171937329505e-08
1.869244687100582340e-07
1.869244687100582340e-07
9.227907912034409595e-08
3.810906167348629592e-07
1.869242525305440109e-07
9.227876363034152691e-08
4.584461650976395036e-08
3.360772647958057007e-06
3.810906167348629592e-07
2.291793697528904485e-08
7.820637697618910649e-07
1.869244687100582340e-07
7.820655922909869579e-07
7.820646742254471006e-07
1.615702688551967596e-06
1.869242525305440109e-07
3.810919589736616087e-07
3.360772647958057007e-06
1.869246881406593709e-07
7.820646742254471006e-07
7.825259746124919854e-10
1.152695914726023451e-08
1.152695914726023451e-08
2.968743330596594063e-09
1.152695914726023451e-08
1.152695914726023451e-08
1.152695914726023451e-08
2.291793697528904485e-08
2.291793697528904485e-08
5.832634324204109648e-09
1.152697171937329505e-08
1.152697171937329505e-08
5.832592171988413531e-09
2.968743330596594063e-09
1.152697171937329505e-08
2.968743330596594063e-09
3.154939773323265284e-05
1.484891187139660942e-05
7.820646742254471006e-07
3.360772647958057007e-06
1.529892544050625225e-03
3.404866489899418657e-03
7.039312894254549563e-06
7.820628786003552616e-07
1.615698923311316219e-06
1.519835968786069059e-09
1.152695914726023451e-08
1.152697171937329505e-08
1.456224068970205627e-04
4.051655934608323397e-10
2.968743330596594063e-09
2.968730503957093599e-09
9.227912453375541799e-08
9.227856086995872183e-08
2.968736827573059083e-09
7.825259746124919854e-10
2.109389320391429634e-10
1.869236227916478902e-07
1.152695914726023451e-08
5.832627799126692975e-09
2.109399374080036898e-10
1.519839206149307150e-09
1.519835968786069059e-09
2.968727407122821176e-09
7.825234567543308491e-10
4.051645180014784920e-10
7.825251235872589376e-10
2.109397150487045957e-10
2.291805224648522496e-08
5.832615022772817992e-09
2.109399374080036898e-10
7.825268377099956292e-10
4.051645180014784920e-10
7.825234567543308491e-10
5.832634324204109648e-09
7.825259746124919854e-10
2.968743330596594063e-09
1.152695914726023451e-08
1.869238296399549664e-07
4.584474524356562035e-08
2.968747825444520905e-09
7.825271863869244869e-10
1.519844836488809222e-09
5.832602598897067876e-09
1.152701684334022082e-08
4.051651720560032680e-10
1.519844836488809222e-09
2.968744653404013720e-09
5.832596514611680254e-09
7.825226404641615197e-10
4.051664534720353173e-10
8.736011454770588165e-12
3.073950391647008674e-11
2.968736827573059083e-09
2.968744653404013720e-09
2.109391551366812896e-10
1.104174171071659596e-10
5.832621365959009883e-09
5.832627799126692975e-09
2.291802660763031666e-08
4.584451577724969997e-08
3.073937853800533848e-11
7.825280225005983782e-10
4.051651720560032680e-10
5.810692009564297740e-11
1.634568806097985417e-11
1.104166576831676093e-10
1.104168427391692200e-10
4.051660205607616200e-10
5.810692009564297740e-11
5.832602598897067876e-09
4.051643458820458424e-10
1.104169545695232781e-10
7.825263614971310479e-10
1.104170678910634078e-10
1.104166576831676093e-10
5.810710141986630697e-11
7.825280225005983782e-10
1.104169545695232781e-10
7.825263614971310479e-10
2.109394956544223615e-10
3.073950391647008674e-11
7.825251235872589376e-10
5.810704016709998739e-11
1.104172991286276482e-10
1.519835968786069059e-09
1.104169545695232781e-10
4.051660205607616200e-10
5.810697973110116212e-11
1.634570483665124451e-11
2.109399374080036898e-10
7.825234567543308491e-10
4.051655934608323397e-10
8.736029268443305892e-12
1.104172991286276482e-10
1.104170678910634078e-10
4.692368709924020422e-12
2.109401627928453798e-10
4.692385254563364847e-12
2.532829442797840096e-12
4.692354637797009281e-12
4.692380517914865793e-12
4.051647562331401372e-10
7.825280225005983782e-10
1.373775333815089462e-12
1.519844836488809222e-09
7.825234567543308491e-10
5.832602598897067876e-09
2.968727407122821176e-09
2.968730503957093599e-09
5.832596514611680254e-09
5.832621365959009883e-09
5.832615022772817992e-09
5.810676385920434047e-11
8.736029268443305892e-12
4.051664534720353173e-10
4.051640894835882958e-10
1.104171827338209440e-10
5.810716350606802993e-11
1.634573906814367484e-11
5.832608767693099031e-09
7.825268377099956292e-10
2.109393813546994366e-10
2.968730503957093599e-09
2.291788661863545348e-08
5.832621365959009883e-09
4.051649525130997613e-10
4.051645180014784920e-10
5.832621365959009883e-09
3.073935774541033779e-11
4.051645180014784920e-10
1.519837576226004554e-09
4.051645180014784920e-10
4.051640894835882958e-10
4.692385254563364847e-12
1.634572919366718642e-11
1.104174171071659596e-10
1.634573906814367484e-11
8.736038354626360843e-12
2.109391551366812896e-10
1.104167728645375521e-10
4.051645180014784920e-10
1.104168896457751987e-10
2.109391551366812896e-10
2.109391551366812896e-10
4.051640894835882958e-10
8.736038354626360843e-12
7.825271863869244869e-10
5.810704016709998739e-11
1.373776689155658880e-12
1.104174171071659596e-10
7.825271863869244869e-10
7.825247444971926248e-10
4.051655934608323397e-10
1.104166576831676093e-10
1.104166576831676093e-10
1.104166576831676093e-10
1.104168427391692200e-10
2.109401627928453798e-10
2.109399374080036898e-10
7.825251235872589376e-10
1.152701684334022082e-08
4.051636668362409897e-10
3.073947194491266071e-11
7.825242843827373166e-10
2.968740056184990164e-09
5.832627799126692975e-09
7.825251235872589376e-10
2.968740056184990164e-09
7.825234567543308491e-10
7.825280225005983782e-10
2.109391551366812896e-10
8.736038354626360843e-12
2.968736827573059083e-09
2.968733643806437466e-09
7.825268377099956292e-10
7.825268377099956292e-10
4.051640894835882958e-10
5.810692009564297740e-11
1.634572183751762585e-11
4.051653931450957818e-10
4.051649525130997613e-10
4.051645180014784920e-10
1.104166576831676093e-10
1.519844235638120979e-09
2.968740056184990164e-09
4.051653931450957818e-10
4.051653931450957818e-10
7.825268377099956292e-10
3.073944039685247635e-11
4.051653931450957818e-10
2.968730503957093599e-09
2.968736827573059083e-09
7.825251235872589376e-10
7.825234567543308491e-10
7.825280225005983782e-10
1.104174171071659596e-10
1.104166576831676093e-10
1.519840859031081267e-09
2.109391551366812896e-10
5.810676385920434047e-11
8.736020302616642424e-12
2.532815415476139180e-12
2.109392791662563509e-10
1.519843212568669005e-09
1.519840029690170119e-09
2.109387119979795115e-10
2.968733643806437466e-09
1.152701684334022082e-08
7.825234567543308491e-10
2.109387119979795115e-10
4.051660205607616200e-10
1.519835968786069059e-09
1.634568806097985417e-11
7.825271863869244869e-10
4.051655934608323397e-10
3.073937853800533848e-11
1.104171827338209440e-10
1.104169545695232781e-10
1.519844836488809222e-09
5.810710141986630697e-11
2.968730503957093599e-09
7.825226404641615197e-10
3.073944039685247635e-11
1.104170678910634078e-10
3.073947194491266071e-11
7.825226404641615197e-10
1.519837576226004554e-09
1.519834383367618313e-09
8.736042286150789772e-12
2.968733643806437466e-09
4.051664534720353173e-10
4.692368709924020422e-12
7.825242843827373166e-10
1.519844836488809222e-09
1.519837576226004554e-09
2.968727407122821176e-09
4.051653931450957818e-10
4.051649525130997613e-10
2.968740056184990164e-09
1.519834383367618313e-09
5.832615022772817992e-09
5.832602598897067876e-09
2.968730503957093599e-09
5.810680316355047673e-11
3.073950391647008674e-11
1.104170678910634078e-10
5.832636630060371274e-09
4.051660205607616200e-10
4.051640894835882958e-10
2.968730503957093599e-09
1.104172991286276482e-10
5.810710141986630697e-11
1.634573906814367484e-11
4.051640894835882958e-10
2.109389320391429634e-10
1.104168896457751987e-10
4.051649525130997613e-10
7.825268377099956292e-10
7.825251235872589376e-10
1.519842535359911059e-09
5.832615022772817992e-09
2.968730503957093599e-09
5.832608767693099031e-09
5.832615022772817992e-09
2.968730503957093599e-09
1.104172991286276482e-10
5.832636630060371274e-09
5.832596514611680254e-09
5.832608767693099031e-09
2.968730503957093599e-09
1.152700430729347907e-08
2.968733643806437466e-09
2.968740056184990164e-09
1.519844235638120979e-09
5.832608767693099031e-09
2.109388546803042208e-10
2.109394956544223615e-10
7.825234567543308491e-10
4.051645180014784920e-10
7.825251235872589376e-10
1.519834383367618313e-09
2.968727407122821176e-09
2.109401627928453798e-10
2.968733643806437466e-09
7.825268377099956292e-10
1.519835968786069059e-09
5.832615022772817992e-09
1.519837576226004554e-09
2.109387119979795115e-10
1.519837576226004554e-09
7.825234567543308491e-10
2.109391551366812896e-10
2.109389320391429634e-10
2.109389320391429634e-10
5.810716350606802993e-11
5.810676385920434047e-11
5.832602598897067876e-09
1.519834383367618313e-09
1.152701684334022082e-08
7.825242843827373166e-10
5.832615022772817992e-09
1.519834383367618313e-09
5.832596514611680254e-09
1.152701684334022082e-08
1.152701684334022082e-08
1.519839206149307150e-09
4.051640894835882958e-10
7.825226404641615197e-10
1.152701684334022082e-08
5.832621365959009883e-09
4.584484709613037677e-08
2.291802660763031666e-08
2.291800132991447324e-08
1.152702955721782242e-08
4.584474524356562035e-08
4.584474524356562035e-08
1.152701684334022082e-08
1.152704245273609250e-08
9.227866151545557687e-08
4.584484709613037677e-08
1.152695914726023451e-08
1.519840859031081267e-09
7.825268377099956292e-10
7.825268377099956292e-10
1.519844235638120979e-09
2.291805224648522496e-08
1.519833251784430946e-09
2.968725196775476744e-09
1.152704245273609250e-08
5.832627799126692975e-09
5.832621365959009883e-09
4.584484709613037677e-08
4.584484709613037677e-08
1.152701684334022082e-08
2.291788661863545348e-08
2.968725196775476744e-09
1.152702955721782242e-08
9.227856086995872183e-08
4.584451577724969997e-08
4.584451577724969997e-08
4.584451577724969997e-08
4.584451577724969997e-08
5.832598533424174289e-09
1.869242525305440109e-07
9.227897239890940517e-08
1.869234785769412711e-07
3.810906167348629592e-07
3.360768642976413883e-06
1.615697082222661296e-06
1.869238296399549664e-07
5.832598533424174289e-09
1.152695914726023451e-08
5.832634324204109648e-09
5.832598533424174289e-09
2.291788661863545348e-08
5.832598533424174289e-09
4.584479580864005601e-08
9.227922776826096589e-08
9.227922776826096589e-08
1.869247698176673444e-07
5.832621365959009883e-09
2.291798882410770271e-08
9.227886724703567273e-08
3.360768642976413883e-06
2.291791161449650444e-08
1.869240395303786492e-07
5.832627799126692975e-09
1.869235580925702967e-07
2.968730503957093599e-09
1.519837576226004554e-09
1.152703469341133509e-08
5.810704016709998739e-11
1.519839206149307150e-09
2.968736827573059083e-09
1.152702955721782242e-08
1.152702955721782242e-08
1.519837576226004554e-09
7.825226404641615197e-10
7.825234567543308491e-10
4.051651720560032680e-10
8.736020302616642424e-12
5.810686124492308465e-11
3.073937853800533848e-11
5.810692009564297740e-11
5.810704016709998739e-11
5.832621365959009883e-09
2.968733643806437466e-09
7.825280225005983782e-10
2.968736827573059083e-09
1.152701684334022082e-08
5.810697973110116212e-11
1.519844836488809222e-09
4.584479580864005601e-08
2.291800132991447324e-08
2.291805224648522496e-08
1.152701684334022082e-08
2.291802660763031666e-08
3.810912450162664171e-07
4.584474524356562035e-08
1.869245607014160259e-07
4.584474524356562035e-08
2.291797640576108423e-08
3.810908246870375865e-07
1.152699194537199677e-08
2.291797640576108423e-08
9.227892239660450009e-08
2.291795182780268355e-08
1.152700430729347907e-08
2.291795182780268355e-08
1.152700430729347907e-08
1.152696772959165606e-08
1.152697975397241801e-08
1.152697975397241801e-08
5.832602598897067876e-09
2.968730503957093599e-09
2.968733643806437466e-09
4.051640894835882958e-10
7.825226404641615197e-10
1.519844836488809222e-09
1.519837576226004554e-09
2.968733643806437466e-09
2.968740056184990164e-09
5.832608767693099031e-09
1.104171827338209440e-10
1.519837576226004554e-09
7.825280225005983782e-10
2.109399374080036898e-10
1.152699194537199677e-08
1.519835968786069059e-09
5.832615022772817992e-09
4.584466798713036466e-08
4.584466798713036466e-08
9.227922776826096589e-08
3.810893328587525401e-07
3.810889172163535183e-07
3.360745823317550279e-06
4.584456577850442317e-08
1.615698923311316219e-06
9.227866151545557687e-08
4.584479580864005601e-08
9.227866151545557687e-08
4.584484709613037677e-08
7.820620004494577099e-07
5.832608767693099031e-09
2.291795182780268355e-08
2.291805224648522496e-08
1.869247698176673444e-07
7.820628786003552616e-07
7.820620004494577099e-07
2.968730503957093599e-09
1.519837576226004554e-09
2.291795182780268355e-08
1.152700430729347907e-08
1.152700430729347907e-08
2.291802660763031666e-08
2.968736827573059083e-09
2.968733643806437466e-09
9.227922776826096589e-08
2.291797640576108423e-08
2.291800132991447324e-08
2.968733643806437466e-09
5.832608767693099031e-09
1.519844836488809222e-09
1.152700430729347907e-08
7.825271863869244869e-10
7.825226404641615197e-10
1.519837576226004554e-09
2.968733643806437466e-09
1.152704245273609250e-08
7.825242843827373166e-10
5.832608767693099031e-09
1.152700430729347907e-08
5.832615022772817992e-09
1.152699194537199677e-08
4.584474524356562035e-08
5.832615022772817992e-09
4.584484709613037677e-08
2.968736827573059083e-09
1.519842535359911059e-09
1.152701684334022082e-08
5.832602598897067876e-09
2.968733643806437466e-09
4.051653931450957818e-10
7.820628786003552616e-07
1.869240395303786492e-07
1.869236227916478902e-07
2.291796270906259096e-08
2.968728434676153519e-09
2.968725196775476744e-09
2.968728434676153519e-09
2.291791161449650444e-08
1.519844235638120979e-09
1.519837576226004554e-09
2.968728434676153519e-09
5.832627799126692975e-09
2.291796270906259096e-08
9.227886724703567273e-08
2.968730503957093599e-09
9.227922776826096589e-08
1.104169545695232781e-10
4.051651720560032680e-10
1.152702955721782242e-08
1.519839206149307150e-09
4.051653931450957818e-10
5.832627799126692975e-09
2.291802660763031666e-08
1.152697171937329505e-08
4.584484709613037677e-08
4.584451577724969997e-08
2.291802660763031666e-08
5.832615022772817992e-09
1.152701684334022082e-08
4.584469538575096369e-08
1.519840859031081267e-09
2.968730503957093599e-09
2.968727407122821176e-09
1.519835968786069059e-09
2.291800132991447324e-08
5.832596514611680254e-09
2.968730503957093599e-09
7.825280225005983782e-10
2.968730503957093599e-09
5.832621365959009883e-09
5.832602598897067876e-09
2.968733643806437466e-09
1.519835968786069059e-09
1.104171827338209440e-10
2.291800132991447324e-08
7.825242843827373166e-10
2.968740056184990164e-09
4.051645180014784920e-10
4.051645180014784920e-10
7.825251235872589376e-10
7.825234567543308491e-10
1.519842535359911059e-09
1.519840859031081267e-09
4.584477324699677446e-08
2.109396107591373995e-10
7.825280225005983782e-10
1.152702254235295942e-08
1.152701684334022082e-08
2.109391551366812896e-10
1.152695914726023451e-08
1.869236227916478902e-07
1.152704245273609250e-08
1.152701055332202895e-08
3.154950720691835074e-05
1.869234189198038439e-07
3.810893328587525401e-07
4.584484709613037677e-08
3.810897545694072455e-07
6.752761865178490348e-05
1.615702688551967596e-06
1.615700791881136458e-06
6.752770073070277104e-05
1.869236227916478902e-07
9.227886724703567273e-08
4.584466798713036466e-08
2.968733643806437466e-09
7.825268377099956292e-10
3.360767011318729128e-06
3.360772647958057007e-06
1.615692233564075382e-06
1.484896417073151278e-05
3.810919589736616087e-07
7.820665242677455312e-07
9.227886724703567273e-08
1.869240395303786492e-07
1.615704613962533248e-06
1.869240395303786492e-07
9.227886724703567273e-08
1.615704613962533248e-06
7.820605316530637492e-07
4.584461650976395036e-08
9.227918744673369175e-08
3.360767011318729128e-06
3.360758776558031274e-06
3.810915048321819016e-07
3.164421396835376894e-04
7.039283774507235832e-06
3.810901824821684279e-07
1.615700791881136458e-06
3.154954480402919338e-05
3.810893328587525401e-07
1.484896417073151278e-05
3.154930305443523085e-05
1.484885038997509815e-05
6.752753784550500965e-05
3.154937683175506908e-05
3.154937683175506908e-05
1.615698923311316219e-06
9.227918744673369175e-08
3.154954480402919338e-05
3.360750795194264882e-06
1.869238296399549664e-07
5.832592171988413531e-09
9.227886724703567273e-08
9.227866151545557687e-08
3.810910574694669548e-07
3.810901824821684279e-07
1.152699741829541577e-08
2.291791161449650444e-08
2.968725196775476744e-09
2.968725196775476744e-09
9.227886724703567273e-08
7.820605316530637492e-07
7.820655922909869579e-07
2.291802660763031666e-08
4.584482706416807844e-08
1.869249108962269854e-07
1.484893926626292598e-05
4.584482706416807844e-08
1.152704245273609250e-08
5.832604987734841992e-09
6.752786882864530548e-05
1.484892093111071234e-05
7.039317740102658771e-06
7.039309048103661045e-06
2.291798882410770271e-08
7.820611350263761204e-07
1.869236227916478902e-07
3.810901824821684279e-07
4.584477324699677446e-08
3.154937683175506908e-05
1.615694108160747646e-06
1.869240395303786492e-07
1.615698923311316219e-06
3.154954480402919338e-05
1.615698923311316219e-06
1.152701684334022082e-08
2.291798882410770271e-08
1.152702955721782242e-08
4.584461650976395036e-08
5.832592171988413531e-09
2.968725196775476744e-09
2.291802660763031666e-08
3.810897545694072455e-07
9.227866151545557687e-08
4.584469538575096369e-08
5.832602598897067876e-09
2.291795182780268355e-08
2.968733643806437466e-09
1.519839206149307150e-09
2.291800132991447324e-08
1.519835968786069059e-09
1.869236227916478902e-07
2.291798882410770271e-08
4.584466798713036466e-08
7.039329546364267277e-06
3.360762861515594813e-06
9.227918744673369175e-08
9.227922776826096589e-08
9.227897239890940517e-08
9.227866151545557687e-08
5.832621365959009883e-09
5.832615022772817992e-09
4.584469538575096369e-08
9.227886724703567273e-08
1.519844235638120979e-09
4.584451577724969997e-08
6.752789736938021221e-05
1.484896417073151278e-05
6.752786882864530548e-05
7.039304753237739568e-06
4.584484709613037677e-08
3.360753207764199750e-06
3.154954480402919338e-05
6.752789736938021221e-05
7.820620004494577099e-07
1.456218840613350909e-04
1.456218840613350909e-04
3.360768642976413883e-06
3.360768642976413883e-06
7.820646742254471006e-07
3.164413996926178038e-04
3.154954480402919338e-05
6.930261999770873137e-04
7.640787742066033200e-03
1.529890713319324727e-03
1.529892544050625225e-03
1.529892544050625225e-03
3.404862351334740633e-03
3.164413996926178038e-04
6.752773762661463388e-05
6.752737993428148367e-05
1.484886761825921526e-05
3.360768642976413883e-06
6.752789736938021221e-05
7.039321157702524971e-06
1.484894647544678485e-05
3.360768642976413883e-06
7.820637697618910649e-07
1.615700791881136458e-06
6.930237500537981188e-04
1.529890713319324727e-03
1.529890713319324727e-03
3.404858276938728216e-03
7.820655922909869579e-07
3.154930305443523085e-05
1.869243545307064289e-07
3.810906167348629592e-07
7.820620004494577099e-07
7.820611350263761204e-07
3.810910574694669548e-07
1.615698923311316219e-06
9.227876363034152691e-08
9.227876363034152691e-08
7.820611350263761204e-07
1.869236227916478902e-07
1.869242525305440109e-07
5.832627799126692975e-09
1.152702955721782242e-08
1.519835968786069059e-09
2.968743330596594063e-09
7.825242843827373166e-10
2.968740056184990164e-09
2.968743330596594063e-09
2.968743330596594063e-09
9.227907912034409595e-08
7.039275607232335015e-06
2.291798882410770271e-08
2.291798882410770271e-08
2.291798882410770271e-08
2.291798882410770271e-08
3.810894809980784030e-07
3.810894809980784030e-07
2.291798882410770271e-08
3.810890388419368108e-07
2.291798882410770271e-08
2.291798882410770271e-08
4.584482706416807844e-08
2.291798882410770271e-08
2.968725196775476744e-09
5.832592171988413531e-09
2.291788661863545348e-08
3.360746895909078356e-06
1.484886761825921526e-05
1.869234785769412711e-07
3.810894809980784030e-07
7.820632963321882644e-07
2.291801532896058294e-08
4.584482706416807844e-08
9.227907912034409595e-08
1.869246881406593709e-07
9.227886724703567273e-08
9.227897239890940517e-08
4.584461650976395036e-08
4.584466798713036466e-08
3.810910574694669548e-07
3.360772647958057007e-06
1.484896417073151278e-05
7.820655922909869579e-07
1.615692233564075382e-06
7.820614390338381012e-07
3.810910574694669548e-07
1.615702688551967596e-06
3.810910574694669548e-07
1.615704613962533248e-06
3.810910574694669548e-07
3.810910574694669548e-07
1.484888511366992252e-05
1.484886761825921526e-05
1.615702688551967596e-06
1.484885038997509815e-05
4.584456577850442317e-08
4.584456577850442317e-08
7.039329546364267277e-06
3.360772647958057007e-06
3.360772647958057007e-06
1.615704613962533248e-06
4.584472022718145739e-08
4.584472022718145739e-08
4.584482706416807844e-08
1.869246881406593709e-07
4.584466798713036466e-08
2.291788661863545348e-08
5.832627799126692975e-09
9.227886724703567273e-08
1.152695914726023451e-08
4.584456577850442317e-08
1.152697171937329505e-08
5.832634324204109648e-09
4.584456577850442317e-08
2.291801532896058294e-08
6.752737993428148367e-05
1.456224864624645042e-04
3.810893328587525401e-07
3.154947017100083218e-05
7.039304753237739568e-06
1.456220556376960115e-04
1.615699909091988026e-06
3.810906167348629592e-07
1.869238296399549664e-07
1.615704613962533248e-06
7.039329546364267277e-06
1.456226574086676607e-04
6.752737993428148367e-05
3.810906167348629592e-07
9.227876363034152691e-08
7.039304753237739568e-06
3.360772647958057007e-06
7.039329546364267277e-06
9.227866151545557687e-08
7.820646742254471006e-07
7.039288827772445672e-06
3.810897545694072455e-07
3.360756981440000780e-06
3.360756981440000780e-06
7.820628786003552616e-07
3.810893328587525401e-07
1.869234189198038439e-07
7.820611350263761204e-07
7.820611350263761204e-07
3.154954480402919338e-05
1.615704613962533248e-06
3.154933965931410822e-05
3.154930305443523085e-05
3.810915048321819016e-07
1.869242525305440109e-07
3.360746895909078356e-06
1.869240395303786492e-07
1.869242525305440109e-07
1.484885038997509815e-05
3.154937683175506908e-05
3.360768642976413883e-06
1.615697082222661296e-06
7.039321157702524971e-06
1.615700791881136458e-06
1.615697082222661296e-06
1.615697082222661296e-06
3.360764697775513956e-06
1.484896417073151278e-05
3.810897545694072455e-07
3.360753207764199750e-06
3.360753207764199750e-06
3.154930305443523085e-05
3.154950720691835074e-05
6.752753784550500965e-05
3.360749488783613278e-06
1.615693480098709946e-06
7.820602820563588396e-07
7.820620004494577099e-07
3.360760811026387097e-06
1.615693480098709946e-06
1.615692233564075382e-06
7.820605316530637492e-07
3.154937683175506908e-05
3.154937683175506908e-05
3.360750795194264882e-06
3.360750795194264882e-06
3.154933965931410822e-05
3.360750795194264882e-06
3.360750795194264882e-06
7.820646742254471006e-07
1.869240395303786492e-07
1.869240395303786492e-07
1.615692233564075382e-06
9.227897239890940517e-08
1.615698923311316219e-06
3.810915048321819016e-07
4.584472022718145739e-08
3.810910574694669548e-07
3.154930305443523085e-05
1.615704613962533248e-06
1.484885038997509815e-05
1.484885038997509815e-05
6.752753784550500965e-05
3.154949188958937545e-05
3.154949188958937545e-05
3.154937683175506908e-05
3.360772647958057007e-06
1.484886761825921526e-05
1.869242525305440109e-07
9.227876363034152691e-08
7.820665242677455312e-07
3.154937683175506908e-05
3.360750795194264882e-06
1.484886761825921526e-05
1.484892093111071234e-05
7.820623604836365835e-07
3.360750795194264882e-06
1.484892093111071234e-05
7.820614390338381012e-07
7.820623604836365835e-07
3.360767011318729128e-06
3.154933965931410822e-05
7.039317740102658771e-06
1.484893926626292598e-05
6.752753784550500965e-05
1.456217151046673697e-04
3.164417668417459067e-04
3.360760811026387097e-06
1.484896417073151278e-05
6.930261999770873137e-04
3.164425183514548616e-04
1.484896417073151278e-05
7.039329546364267277e-06
1.615700791881136458e-06
4.584477324699677446e-08
7.820623604836365835e-07
6.752770073070277104e-05
6.752786882864530548e-05
1.615704613962533248e-06
3.810894809980784030e-07
4.584456577850442317e-08
4.584451577724969997e-08
1.869240395303786492e-07
1.869238296399549664e-07
1.615698923311316219e-06
9.227886724703567273e-08
1.869242525305440109e-07
3.154937683175506908e-05
1.456225867086721065e-04
1.456222298951382818e-04
6.752753784550500965e-05
3.164421396835376894e-04
7.039309048103661045e-06
1.615700791881136458e-06
6.752753784550500965e-05
3.154937683175506908e-05
3.360772647958057007e-06
1.615699909091988026e-06
1.484893926626292598e-05
3.360767011318729128e-06
1.484888511366992252e-05
7.039317740102658771e-06
3.810915048321819016e-07
1.869244687100582340e-07
1.615697945232685568e-06
1.615699909091988026e-06
7.039329546364267277e-06
6.752786882864530548e-05
6.752786882864530548e-05
7.039300491927801638e-06
6.752753784550500965e-05
1.484885038997509815e-05
9.227886724703567273e-08
3.810906167348629592e-07
7.820605316530637492e-07
3.360750795194264882e-06
1.484896417073151278e-05
1.456217151046673697e-04
3.360772647958057007e-06
1.529892544050625225e-03
3.164413996926178038e-04
3.164438244555279559e-04
1.456228309451760119e-04
1.484896417073151278e-05
3.404862351334740633e-03
3.404862351334740633e-03
6.752789736938021221e-05
3.154954480402919338e-05
6.930237500537981188e-04
7.820646742254471006e-07
3.154954480402919338e-05
6.930237500537981188e-04
6.752737993428148367e-05
7.039329546364267277e-06
1.456220556376960115e-04
3.164438244555279559e-04
3.164421396835376894e-04
3.164421396835376894e-04
1.615695268013193421e-06
1.615697082222661296e-06
7.039321157702524971e-06
3.810897545694072455e-07
3.810897545694072455e-07
7.039275607232335015e-06
3.810901824821684279e-07
3.810894809980784030e-07
7.039300491927801638e-06
3.154930305443523085e-05
3.154930305443523085e-05
1.484896417073151278e-05
1.484885038997509815e-05
3.154954480402919338e-05
4.584472022718145739e-08
9.227897239890940517e-08
1.869242525305440109e-07
3.810906167348629592e-07
7.039275607232335015e-06
7.039283774507235832e-06
3.154937683175506908e-05
1.456220556376960115e-04
3.154937683175506908e-05
6.752753784550500965e-05
3.360754754938331725e-06
7.039283774507235832e-06
7.039317740102658771e-06
1.869234785769412711e-07
1.615697945232685568e-06
4.584482706416807844e-08
9.227929741456609555e-08
9.227886724703567273e-08
9.227886724703567273e-08
2.291801532896058294e-08
3.810894809980784030e-07
2.291798882410770271e-08
1.869236227916478902e-07
9.227886724703567273e-08
1.456217151046673697e-04
7.039317740102658771e-06
1.484893926626292598e-05
7.039317740102658771e-06
2.968728434676153519e-09
2.968728434676153519e-09
5.832604987734841992e-09
1.519833251784430946e-09
2.968728434676153519e-09
7.825259746124919854e-10
2.968740056184990164e-09
2.968740056184990164e-09
2.968740056184990164e-09
4.584456577850442317e-08
7.825259746124919854e-10
1.519844235638120979e-09
2.968728434676153519e-09
2.968725196775476744e-09
2.968728434676153519e-09
1.152699741829541577e-08
2.291798882410770271e-08
2.291805224648522496e-08
1.152695914726023451e-08
2.291805224648522496e-08
1.152704245273609250e-08
1.152704245273609250e-08
3.810915048321819016e-07
7.820665242677455312e-07
9.227897239890940517e-08
7.820611350263761204e-07
3.810893328587525401e-07
7.820620004494577099e-07
7.820628786003552616e-07
1.484892904429199697e-05
7.039300491927801638e-06
3.810910574694669548e-07
7.820646742254471006e-07
7.039321157702524971e-06
3.360772647958057007e-06
1.615696011823171054e-06
3.360753207764199750e-06
7.820646742254471006e-07
2.291791161449650444e-08
1.152695914726023451e-08
1.152702955721782242e-08
2.291802660763031666e-08
9.227922776826096589e-08
4.584479580864005601e-08
3.810908246870375865e-07
1.869247698176673444e-07
7.820637697618910649e-07
9.227856086995872183e-08
1.869234189198038439e-07
2.291793697528904485e-08
7.820646742254471006e-07
3.810897545694072455e-07
3.360764697775513956e-06
3.810897545694072455e-07
3.810901824821684279e-07
1.484885038997509815e-05
3.154930305443523085e-05
3.360768642976413883e-06
3.360746895909078356e-06
3.360754754938331725e-06
6.752753784550500965e-05
3.154933965931410822e-05
3.360764697775513956e-06
1.615700791881136458e-06
1.615700791881136458e-06
3.154937683175506908e-05
6.752737993428148367e-05
4.584466798713036466e-08
7.820665242677455312e-07
1.869244687100582340e-07
4.584466798713036466e-08
9.227886724703567273e-08
7.039275607232335015e-06
1.615702688551967596e-06
7.039321157702524971e-06
3.154930305443523085e-05
1.484885038997509815e-05
1.456218840613350909e-04
1.456218840613350909e-04
1.456220556376960115e-04
7.820632963321882644e-07
1.152698447503547366e-08
1.152704245273609250e-08
5.832598533424174289e-09
4.584472022718145739e-08
1.152698447503547366e-08
1.152698447503547366e-08
4.584472022718145739e-08
3.810901824821684279e-07
2.291796270906259096e-08
4.584451577724969997e-08
1.152697171937329505e-08
4.584456577850442317e-08
5.832598533424174289e-09
5.832598533424174289e-09
2.291788661863545348e-08
1.152695914726023451e-08
5.832598533424174289e-09
1.152697171937329505e-08
1.152697171937329505e-08
2.291791161449650444e-08
1.869238296399549664e-07
2.291788661863545348e-08
2.291788661863545348e-08
2.291788661863545348e-08
5.832598533424174289e-09
9.227907912034409595e-08
1.152698447503547366e-08
5.832598533424174289e-09
5.832598533424174289e-09
1.152698447503547366e-08
7.825251235872589376e-10
1.615700791881136458e-06
2.291805224648522496e-08
1.869234189198038439e-07
3.810897545694072455e-07
9.227922776826096589e-08
7.820628786003552616e-07
1.869236227916478902e-07
7.820637697618910649e-07
1.869236227916478902e-07
9.227866151545557687e-08
3.810893328587525401e-07
3.810893328587525401e-07
9.227856086995872183e-08
2.968743330596594063e-09
1.869238296399549664e-07
5.832598533424174289e-09
2.291796270906259096e-08
5.832598533424174289e-09
2.968746651789071597e-09
1.519842535359911059e-09
1.519842535359911059e-09
1.519842535359911059e-09
2.968725196775476744e-09
1.519842535359911059e-09
1.152695914726023451e-08
2.968725196775476744e-09
2.291788661863545348e-08
5.832598533424174289e-09
1.519842535359911059e-09
5.832598533424174289e-09
2.968746651789071597e-09
5.832598533424174289e-09
2.968728434676153519e-09
7.825259746124919854e-10
2.968746651789071597e-09
1.519842535359911059e-09
2.968728434676153519e-09
1.152702955721782242e-08
5.832621365959009883e-09
1.152702955721782242e-08
4.584484709613037677e-08
2.291805224648522496e-08
3.810893328587525401e-07
2.291802660763031666e-08
1.152702955721782242e-08
1.152702955721782242e-08
3.810897545694072455e-07
4.584466798713036466e-08
1.615697082222661296e-06
2.968728434676153519e-09
2.968725196775476744e-09
4.584451577724969997e-08
1.869236227916478902e-07
3.360768642976413883e-06
2.291791161449650444e-08
4.584456577850442317e-08
1.152702955721782242e-08
1.152695914726023451e-08
2.291796270906259096e-08
9.227876363034152691e-08
9.227876363034152691e-08
9.227876363034152691e-08
2.968733643806437466e-09
1.152699194537199677e-08
5.832608767693099031e-09
1.152700430729347907e-08
5.832608767693099031e-09
9.227882343378965497e-08
1.519835968786069059e-09
5.832608767693099031e-09
4.584464622045965165e-08
5.832608767693099031e-09
5.832615022772817992e-09
5.832615022772817992e-09
5.832621365959009883e-09
1.152701684334022082e-08
5.832615022772817992e-09
1.152701684334022082e-08
5.832615022772817992e-09
1.152699194537199677e-08
1.519835968786069059e-09
5.832602598897067876e-09
4.584474524356562035e-08
5.832608767693099031e-09
5.832596514611680254e-09
1.615698047828331365e-06
2.291797640576108423e-08
5.832608767693099031e-09
7.820620004494577099e-07
3.810901824821684279e-07
1.869234189198038439e-07
1.869234189198038439e-07
7.820620004494577099e-07
3.360764697775513956e-06
7.820628786003552616e-07
1.615697082222661296e-06
1.152695914726023451e-08
2.291788661863545348e-08
9.227897239890940517e-08
3.810901824821684279e-07
9.227897239890940517e-08
9.227912453375541799e-08
7.820628786003552616e-07
9.227912453375541799e-08
4.584474524356562035e-08
4.584474524356562035e-08
9.227902275337405496e-08
1.869243545307064289e-07
1.615695268013193421e-06
1.615697082222661296e-06
1.869234189198038439e-07
3.810889172163535183e-07
9.227922776826096589e-08
9.227922776826096589e-08
1.869247698176673444e-07
1.869247698176673444e-07
3.810889172163535183e-07
1.869234189198038439e-07
3.360753207764199750e-06
7.820611350263761204e-07
9.227912453375541799e-08
2.291800132991447324e-08
4.584474524356562035e-08
9.227922776826096589e-08
3.810916713506561882e-07
4.584469538575096369e-08
2.291800132991447324e-08
7.820659340156805737e-07
9.227892239660450009e-08
1.869243545307064289e-07
9.227902275337405496e-08
3.810912450162664171e-07
3.810889172163535183e-07
1.869234189198038439e-07
4.584484709613037677e-08
3.810893328587525401e-07
7.820620004494577099e-07
3.810897545694072455e-07
2.291805224648522496e-08
4.584484709613037677e-08
1.152702955721782242e-08
4.584479580864005601e-08
1.152702955721782242e-08
4.584484709613037677e-08
2.291805224648522496e-08
1.869234189198038439e-07
9.227922776826096589e-08
2.291805224648522496e-08
5.832621365959009883e-09
3.810893328587525401e-07
9.227922776826096589e-08
9.227922776826096589e-08
1.152701684334022082e-08
2.291805224648522496e-08
1.152702955721782242e-08
1.152702955721782242e-08
2.291802660763031666e-08
5.832627799126692975e-09
1.152701684334022082e-08
5.832615022772817992e-09
1.869234189198038439e-07
2.291802660763031666e-08
1.869247698176673444e-07
4.584451577724969997e-08
7.039288827772445672e-06
3.360753207764199750e-06
1.615695268013193421e-06
4.584484709613037677e-08
7.820611350263761204e-07
4.584484709613037677e-08
3.810897545694072455e-07
1.152701684334022082e-08
4.584484709613037677e-08
4.584484709613037677e-08
5.832592171988413531e-09
1.152698447503547366e-08
5.832598533424174289e-09
5.832598533424174289e-09
5.832598533424174289e-09
5.832598533424174289e-09
2.968728434676153519e-09
4.584472022718145739e-08
1.152698447503547366e-08
1.152698447503547366e-08
2.968725196775476744e-09
3.810916713506561882e-07
9.227902275337405496e-08
4.584474524356562035e-08
2.291797640576108423e-08
2.291795182780268355e-08
2.291797640576108423e-08
3.154930305443523085e-05
9.227856086995872183e-08
5.832615022772817992e-09
7.820628786003552616e-07
7.820620004494577099e-07
1.615697082222661296e-06
4.584484709613037677e-08
1.615698923311316219e-06
3.810893328587525401e-07
3.810889172163535183e-07
4.584451577724969997e-08
3.810889172163535183e-07
1.869247698176673444e-07
9.227922776826096589e-08
7.039288827772445672e-06
1.484889495106357346e-05
1.615695268013193421e-06
7.820628786003552616e-07
4.584484709613037677e-08
4.584469538575096369e-08
9.227912453375541799e-08
4.584451577724969997e-08
4.584451577724969997e-08
3.810889172163535183e-07
1.152701684334022082e-08
4.584451577724969997e-08
2.291800132991447324e-08
4.584484709613037677e-08
9.227922776826096589e-08
9.227922776826096589e-08
1.869247698176673444e-07
1.869234189198038439e-07
2.291802660763031666e-08
3.360753207764199750e-06
7.820611350263761204e-07
1.869247698176673444e-07
1.869245607014160259e-07
9.227912453375541799e-08
3.360753207764199750e-06
1.869247698176673444e-07
1.869234189198038439e-07
3.810893328587525401e-07
9.227912453375541799e-08
9.227912453375541799e-08
1.152695914726023451e-08
4.584484709613037677e-08
2.291805224648522496e-08
9.227856086995872183e-08
1.869247698176673444e-07
4.584484709613037677e-08
1.152702955721782242e-08
9.227856086995872183e-08
4.584484709613037677e-08
4.584484709613037677e-08
2.291802660763031666e-08
5.832621365959009883e-09
2.291805224648522496e-08
5.832615022772817992e-09
9.227922776826096589e-08
1.869245607014160259e-07
4.584479580864005601e-08
2.291800132991447324e-08
1.869247698176673444e-07
4.584479580864005601e-08
1.869234189198038439e-07
1.152700430729347907e-08
5.832621365959009883e-09
4.584484709613037677e-08
2.291802660763031666e-08
3.810897545694072455e-07
3.810901824821684279e-07
3.810901824821684279e-07
1.484885038997509815e-05
9.227886724703567273e-08
7.820628786003552616e-07
1.615697082222661296e-06
3.810897545694072455e-07
2.291805224648522496e-08
2.291805224648522496e-08
7.820628786003552616e-07
9.227897239890940517e-08
4.584484709613037677e-08
3.360756981440000780e-06
3.360753207764199750e-06
3.360756981440000780e-06
1.615695268013193421e-06
9.227912453375541799e-08
1.615695268013193421e-06
9.227912453375541799e-08
1.152702955721782242e-08
2.291802660763031666e-08
3.810897545694072455e-07
7.820620004494577099e-07
3.360756981440000780e-06
1.615698923311316219e-06
1.869238296399549664e-07
4.584479580864005601e-08
4.584479580864005601e-08
3.810893328587525401e-07
1.869247698176673444e-07
2.291802660763031666e-08
2.291788661863545348e-08
1.615695268013193421e-06
7.820620004494577099e-07
1.869236227916478902e-07
1.869236227916478902e-07
4.584474524356562035e-08
2.291805224648522496e-08
9.227922776826096589e-08
1.615691717911589105e-06
7.820602820563588396e-07
1.615695268013193421e-06
1.869238296399549664e-07
7.820611350263761204e-07
7.820620004494577099e-07
7.039312894254549563e-06
1.615697082222661296e-06
7.820611350263761204e-07
9.227856086995872183e-08
7.820620004494577099e-07
1.615695268013193421e-06
9.227922776826096589e-08
4.584479580864005601e-08
1.615697082222661296e-06
4.584469538575096369e-08
4.584469538575096369e-08
9.227892239660450009e-08
9.227902275337405496e-08
7.820602820563588396e-07
9.227912453375541799e-08
1.152701684334022082e-08
3.810916713506561882e-07
7.820611350263761204e-07
9.227922776826096589e-08
9.227922776826096589e-08
3.810908246870375865e-07
9.227922776826096589e-08
9.227922776826096589e-08
7.820611350263761204e-07
7.820602820563588396e-07
3.810889172163535183e-07
2.968730503957093599e-09
5.832608767693099031e-09
1.152699194537199677e-08
5.832608767693099031e-09
2.968733643806437466e-09
1.152701684334022082e-08
2.968733643806437466e-09
1.152700430729347907e-08
2.291800132991447324e-08
1.152702955721782242e-08
5.832615022772817992e-09
7.820637697618910649e-07
9.227866151545557687e-08
9.227856086995872183e-08
7.820646742254471006e-07
3.360772647958057007e-06
1.869245607014160259e-07
1.615695268013193421e-06
1.529888910755326488e-03
1.615695268013193421e-06
3.810889172163535183e-07
1.615693480098709946e-06
9.227856086995872183e-08
6.752781689741403116e-05
6.752773762661463388e-05
7.820620004494577099e-07
7.820659340156805737e-07
1.869245607014160259e-07
4.584479580864005601e-08
7.039281038155789396e-06
4.584479580864005601e-08
4.584479580864005601e-08
9.227876363034152691e-08
9.227876363034152691e-08
1.869238296399549664e-07
3.810901824821684279e-07
3.810893328587525401e-07
1.869247698176673444e-07
7.825268377099956292e-10
5.832592171988413531e-09
2.291788661863545348e-08
2.291788661863545348e-08
4.584484709613037677e-08
7.820620004494577099e-07
3.810893328587525401e-07
4.584479580864005601e-08
2.291802660763031666e-08
9.227922776826096589e-08
9.227922776826096589e-08
4.584479580864005601e-08
2.291802660763031666e-08
1.152701684334022082e-08
4.584479580864005601e-08
4.584484709613037677e-08
4.584484709613037677e-08
4.584484709613037677e-08
1.869234189198038439e-07
9.227922776826096589e-08
9.227922776826096589e-08
4.584451577724969997e-08
9.227856086995872183e-08
1.869234189198038439e-07
7.820628786003552616e-07
2.291788661863545348e-08
1.869234189198038439e-07
9.227912453375541799e-08
1.869247698176673444e-07
9.227912453375541799e-08
9.227922776826096589e-08
4.584479580864005601e-08
1.869234189198038439e-07
7.820620004494577099e-07
2.291805224648522496e-08
3.810897545694072455e-07
3.810893328587525401e-07
1.869247698176673444e-07
4.584484709613037677e-08
1.869238296399549664e-07
9.227866151545557687e-08
9.227856086995872183e-08
1.869234189198038439e-07
4.584451577724969997e-08
9.227922776826096589e-08
9.227922776826096589e-08
1.869245607014160259e-07
9.227912453375541799e-08
1.615698923311316219e-06
1.615698923311316219e-06
7.039329546364267277e-06
3.810897545694072455e-07
1.869245607014160259e-07
9.227922776826096589e-08
1.152702955721782242e-08
3.360753207764199750e-06
1.615695268013193421e-06
3.810912450162664171e-07
9.227866151545557687e-08
3.810901824821684279e-07
3.810901824821684279e-07
3.360764697775513956e-06
3.810889172163535183e-07
7.820628786003552616e-07
7.820611350263761204e-07
1.615695268013193421e-06
1.615697082222661296e-06
7.825268377099956292e-10
4.584451577724969997e-08
7.825268377099956292e-10
1.519842535359911059e-09
2.968728434676153519e-09
1.152695914726023451e-08
2.291788661863545348e-08
2.968725196775476744e-09
3.810901824821684279e-07
9.227856086995872183e-08
1.615700791881136458e-06
2.968725196775476744e-09
4.051660205607616200e-10
2.968736827573059083e-09
1.152704245273609250e-08
1.519839206149307150e-09
2.968725196775476744e-09
7.825242843827373166e-10
4.051645180014784920e-10
5.832621365959009883e-09
1.519839206149307150e-09
7.825259746124919854e-10
1.152704245273609250e-08
5.832634324204109648e-09
7.825251235872589376e-10
2.968740056184990164e-09
7.825242843827373166e-10
2.968733643806437466e-09
2.968733643806437466e-09
1.519839206149307150e-09
5.832634324204109648e-09
5.832627799126692975e-09
5.832621365959009883e-09
2.968736827573059083e-09
1.104174171071659596e-10
2.109389320391429634e-10
7.825242843827373166e-10
1.519837576226004554e-09
1.519839206149307150e-09
2.968736827573059083e-09
7.825242843827373166e-10
1.519837576226004554e-09
7.825242843827373166e-10
3.073950391647008674e-11
4.051660205607616200e-10
4.051640894835882958e-10
2.968730503957093599e-09
1.519844235638120979e-09
1.519840859031081267e-09
4.051649525130997613e-10
2.291802660763031666e-08
1.152702955721782242e-08
5.832615022772817992e-09
5.832608767693099031e-09
4.584451577724969997e-08
1.152702955721782242e-08
3.810889172163535183e-07
1.869247698176673444e-07
2.291802660763031666e-08
5.832621365959009883e-09
2.291797640576108423e-08
1.519837576226004554e-09
2.968736827573059083e-09
5.832627799126692975e-09
1.152698447503547366e-08
2.968728434676153519e-09
2.968746651789071597e-09
5.832592171988413531e-09
2.968728434676153519e-09
5.832634324204109648e-09
2.968746651789071597e-09
5.832634324204109648e-09
2.291788661863545348e-08
2.968743330596594063e-09
4.051660205607616200e-10
7.825234567543308491e-10
1.104174171071659596e-10
7.825234567543308491e-10
1.519837576226004554e-09
1.519837576226004554e-09
4.051645180014784920e-10
5.832615022772817992e-09
4.051645180014784920e-10
1.152702955721782242e-08
1.152702955721782242e-08
1.152704245273609250e-08
1.152702955721782242e-08
1.152702955721782242e-08
5.832627799126692975e-09
4.584461650976395036e-08
1.152699194537199677e-08
1.869234189198038439e-07
3.810916713506561882e-07
9.227922776826096589e-08
2.109399374080036898e-10
4.051655934608323397e-10
2.968747825444520905e-09
7.825226404641615197e-10
2.109399374080036898e-10
2.968727407122821176e-09
5.832596514611680254e-09
7.825234567543308491e-10
7.825234567543308491e-10
1.519837576226004554e-09
2.968733643806437466e-09
2.968736827573059083e-09
2.968733643806437466e-09
5.832621365959009883e-09
1.152701684334022082e-08
2.291792758887703190e-08
1.152699194537199677e-08
2.968733643806437466e-09
1.152704245273609250e-08
1.152702955721782242e-08
5.832615022772817992e-09
2.291797640576108423e-08
2.968733643806437466e-09
1.152699194537199677e-08
2.968736827573059083e-09
2.968736827573059083e-09
5.832621365959009883e-09
7.825226404641615197e-10
2.968733643806437466e-09
5.832608767693099031e-09
9.227912453375541799e-08
1.152700430729347907e-08
4.584474524356562035e-08
5.832627799126692975e-09
5.832627799126692975e-09
5.832608767693099031e-09
5.832621365959009883e-09
5.832627799126692975e-09
2.968740056184990164e-09
2.291797640576108423e-08
9.227892239660450009e-08
2.968733643806437466e-09
1.152702955721782242e-08
5.832608767693099031e-09
1.152696772959165606e-08
9.227872583608034506e-08
5.832621365959009883e-09
1.519834383367618313e-09
5.832621365959009883e-09
2.291797640576108423e-08
4.051645180014784920e-10
2.968730503957093599e-09
4.051649525130997613e-10
1.519837576226004554e-09
5.832608767693099031e-09
5.832608767693099031e-09
5.832621365959009883e-09
2.968736827573059083e-09
2.968727407122821176e-09
5.832615022772817992e-09
2.968733643806437466e-09
1.519835968786069059e-09
2.968733643806437466e-09
2.291805224648522496e-08
1.152701684334022082e-08
5.832615022772817992e-09
1.152700430729347907e-08
1.152699194537199677e-08
9.227902275337405496e-08
5.832608767693099031e-09
3.073940926392897365e-11
2.968747825444520905e-09
1.519834383367618313e-09
2.968736827573059083e-09
1.519839206149307150e-09
1.519839206149307150e-09
7.825242843827373166e-10
2.968736827573059083e-09
7.825280225005983782e-10
1.519837576226004554e-09
1.519844836488809222e-09
1.519835968786069059e-09
2.968733643806437466e-09
2.968736827573059083e-09
2.291788661863545348e-08
5.832634324204109648e-09
2.291797640576108423e-08
7.825234567543308491e-10
1.152702955721782242e-08
1.152701684334022082e-08
5.832621365959009883e-09
7.825268377099956292e-10
1.104170080604459744e-10
2.968736827573059083e-09
2.968733643806437466e-09
7.825251235872589376e-10
4.051653931450957818e-10
7.825251235872589376e-10
7.825251235872589376e-10
7.825251235872589376e-10
1.519834383367618313e-09
5.832602598897067876e-09
1.519834383367618313e-09
1.152699194537199677e-08
1.519839206149307150e-09
1.519837576226004554e-09
1.519840859031081267e-09
1.519840859031081267e-09
2.968740056184990164e-09
5.832621365959009883e-09
1.519844235638120979e-09
1.152702955721782242e-08
2.291802660763031666e-08
4.051636668362409897e-10
2.968733643806437466e-09
4.051649525130997613e-10
7.825259746124919854e-10
1.519844235638120979e-09
7.825268377099956292e-10
7.825259746124919854e-10
4.051640894835882958e-10
7.825280225005983782e-10
2.968730503957093599e-09
5.832615022772817992e-09
1.519835968786069059e-09
5.832621365959009883e-09
1.519835968786069059e-09
2.968733643806437466e-09
5.832615022772817992e-09
2.968728434676153519e-09
1.519844235638120979e-09
1.519844235638120979e-09
1.519833251784430946e-09
5.832608767693099031e-09
1.519834383367618313e-09
2.968733643806437466e-09
1.519837576226004554e-09
2.968736827573059083e-09
1.104167728645375521e-10
1.519837576226004554e-09
7.825280225005983782e-10
2.109393813546994366e-10
1.519835968786069059e-09
1.519835968786069059e-09
1.519844836488809222e-09
2.968727407122821176e-09
2.291805224648522496e-08
1.519837576226004554e-09
1.152704245273609250e-08
5.832608767693099031e-09
5.832615022772817992e-09
2.968727407122821176e-09
5.832608767693099031e-09
2.968740056184990164e-09
2.968740056184990164e-09
2.968740056184990164e-09
5.832627799126692975e-09
1.519837576226004554e-09
7.825242843827373166e-10
1.152701684334022082e-08
1.519837576226004554e-09
1.152704245273609250e-08
2.968740056184990164e-09
1.519839206149307150e-09
4.051649525130997613e-10
4.051645180014784920e-10
7.825268377099956292e-10
1.519840859031081267e-09
7.825251235872589376e-10
2.968733643806437466e-09
2.968740056184990164e-09
1.519837576226004554e-09
2.968730503957093599e-09
1.152695914726023451e-08
1.519839206149307150e-09
7.825268377099956292e-10
4.051649525130997613e-10
7.825259746124919854e-10
4.051664534720353173e-10
1.519834383367618313e-09
5.832627799126692975e-09
7.825234567543308491e-10
2.968730503957093599e-09
2.968733643806437466e-09
3.073950391647008674e-11
7.825234567543308491e-10
1.152701684334022082e-08
9.227892239660450009e-08
5.832598533424174289e-09
2.968728434676153519e-09
2.968728434676153519e-09
5.832598533424174289e-09
2.968728434676153519e-09
2.291791161449650444e-08
5.832598533424174289e-09
2.968725196775476744e-09
2.968728434676153519e-09
1.152701684334022082e-08
2.291805224648522496e-08
2.968746651789071597e-09
2.968746651789071597e-09
3.810897545694072455e-07
2.968728434676153519e-09
9.227929741456609555e-08
9.227897239890940517e-08
2.968728434676153519e-09
2.291791161449650444e-08
2.968728434676153519e-09
1.519844235638120979e-09
5.832592171988413531e-09
2.968725196775476744e-09
2.968725196775476744e-09
2.968728434676153519e-09
7.825268377099956292e-10
2.291788661863545348e-08
9.227856086995872183e-08
4.584451577724969997e-08
5.832598533424174289e-09
9.227929741456609555e-08
3.810910574694669548e-07
1.615697082222661296e-06
1.484896417073151278e-05
3.810901824821684279e-07
7.820628786003552616e-07
9.227886724703567273e-08
1.152704245273609250e-08
1.152702955721782242e-08
1.152702955721782242e-08
1.519835968786069059e-09
1.519837576226004554e-09
1.519834383367618313e-09
1.152704245273609250e-08
7.820659340156805737e-07
9.227912453375541799e-08
1.152702955721782242e-08
1.152695914726023451e-08
1.519844235638120979e-09
2.968728434676153519e-09
5.832598533424174289e-09
5.832615022772817992e-09
2.968728434676153519e-09
2.968728434676153519e-09
2.968728434676153519e-09
2.968736827573059083e-09
5.832636630060371274e-09
2.968733643806437466e-09
2.291795182780268355e-08
5.832615022772817992e-09
1.152695914726023451e-08
1.519839206149307150e-09
1.519844235638120979e-09
2.291795182780268355e-08
2.291795182780268355e-08
4.584469538575096369e-08
2.291797640576108423e-08
2.291795182780268355e-08
4.584459773336056836e-08
5.832615022772817992e-09
2.968743330596594063e-09
7.825259746124919854e-10
1.519842535359911059e-09
2.968743330596594063e-09
4.584469538575096369e-08
2.291797640576108423e-08
4.584469538575096369e-08
4.584469538575096369e-08
2.291800132991447324e-08
9.227892239660450009e-08
9.227892239660450009e-08
5.832608767693099031e-09
1.869245607014160259e-07
4.584474524356562035e-08
1.152700430729347907e-08
9.227902275337405496e-08
1.152696772959165606e-08
1.152700430729347907e-08
2.968730503957093599e-09
5.810676385920434047e-11
7.825251235872589376e-10
4.051649525130997613e-10
5.832615022772817992e-09
4.051653931450957818e-10
5.832598533424174289e-09
4.051649525130997613e-10
5.832621365959009883e-09
2.968736827573059083e-09
7.825251235872589376e-10
2.968746651789071597e-09
5.832598533424174289e-09
5.832592171988413531e-09
2.968733643806437466e-09
1.519835968786069059e-09
4.051649525130997613e-10
2.109393813546994366e-10
7.825251235872589376e-10
4.051653931450957818e-10
4.051649525130997613e-10
1.152702955721782242e-08
1.519842535359911059e-09
1.519842535359911059e-09
2.968743330596594063e-09
5.832621365959009883e-09
5.832598533424174289e-09
5.832598533424174289e-09
2.968730503957093599e-09
1.519839206149307150e-09
2.968736827573059083e-09
1.519839206149307150e-09
2.968730503957093599e-09
2.291797640576108423e-08
2.109393813546994366e-10
2.968733643806437466e-09
7.825234567543308491e-10
2.968730503957093599e-09
2.968730503957093599e-09
2.968747825444520905e-09
2.968730503957093599e-09
1.152700430729347907e-08
5.832598533424174289e-09
2.968740056184990164e-09
5.832627799126692975e-09
1.152699194537199677e-08
1.519837576226004554e-09
7.825271863869244869e-10
7.825234567543308491e-10
2.968736827573059083e-09
2.968736827573059083e-09
2.968733643806437466e-09
2.968733643806437466e-09
2.968733643806437466e-09
1.519835968786069059e-09
1.519837576226004554e-09
2.968736827573059083e-09
2.968740056184990164e-09
2.968740056184990164e-09
4.051649525130997613e-10
1.519837576226004554e-09
2.968743330596594063e-09
9.227902275337405496e-08
9.227922776826096589e-08
4.584479580864005601e-08
1.152702955721782242e-08
5.832592171988413531e-09
5.832592171988413531e-09
5.832592171988413531e-09
2.291802660763031666e-08
1.152702955721782242e-08
1.152695914726023451e-08
2.291800132991447324e-08
5.832627799126692975e-09
7.825234567543308491e-10
2.968733643806437466e-09
2.968733643806437466e-09
5.832608767693099031e-09
5.810716350606802993e-11
7.825226404641615197e-10
1.519837576226004554e-09
2.968747825444520905e-09
7.825234567543308491e-10
7.825226404641615197e-10
7.825280225005983782e-10
2.968744653404013720e-09
1.519834383367618313e-09
9.227912453375541799e-08
2.291795182780268355e-08
2.291797640576108423e-08
1.152697975397241801e-08
1.519842535359911059e-09
5.832621365959009883e-09
7.825251235872589376e-10
1.519840859031081267e-09
5.832615022772817992e-09
2.968725196775476744e-09
2.109391551366812896e-10
7.825234567543308491e-10
1.152704245273609250e-08
2.968740056184990164e-09
2.291788661863545348e-08
7.825268377099956292e-10
7.825268377099956292e-10
1.152702955721782242e-08
4.051640894835882958e-10
1.519839206149307150e-09
7.825263614971310479e-10
5.832602598897067876e-09
2.291795182780268355e-08
5.832602598897067876e-09
7.825280225005983782e-10
2.968733643806437466e-09
1.519839206149307150e-09
1.519835968786069059e-09
2.968733643806437466e-09
1.519844235638120979e-09
1.152695914726023451e-08
1.519844235638120979e-09
1.152695914726023451e-08
2.968728434676153519e-09
2.968728434676153519e-09
2.968725196775476744e-09
2.968725196775476744e-09
2.291795182780268355e-08
5.832608767693099031e-09
1.152699194537199677e-08
3.810904102370149973e-07
9.227866151545557687e-08
4.584479580864005601e-08
1.869245607014160259e-07
2.291800132991447324e-08
5.832608767693099031e-09
4.584479580864005601e-08
4.584474524356562035e-08
1.152700430729347907e-08
9.227886724703567273e-08
9.227886724703567273e-08
1.869236227916478902e-07
9.227866151545557687e-08
2.291796270906259096e-08
1.152702955721782242e-08
6.752737993428148367e-05
3.360768642976413883e-06
4.584451577724969997e-08
9.227922776826096589e-08
9.227866151545557687e-08
7.820628786003552616e-07
3.810897545694072455e-07
9.227856086995872183e-08
9.227866151545557687e-08
1.869236227916478902e-07
4.584451577724969997e-08
1.869236227916478902e-07
5.832634324204109648e-09
9.227902275337405496e-08
1.869247698176673444e-07
1.869234189198038439e-07
9.227866151545557687e-08
9.227866151545557687e-08
9.227866151545557687e-08
4.584456577850442317e-08
4.584456577850442317e-08
2.291788661863545348e-08
4.584469538575096369e-08
2.291797640576108423e-08
5.832615022772817992e-09
1.152701684334022082e-08
2.291797640576108423e-08
2.291797640576108423e-08
5.832608767693099031e-09
2.291797640576108423e-08
1.152700430729347907e-08
7.825259746124919854e-10
7.825259746124919854e-10
4.051660205607616200e-10
5.832615022772817992e-09
1.519835968786069059e-09
1.152695914726023451e-08
1.869247698176673444e-07
9.227922776826096589e-08
4.584456577850442317e-08
9.227922776826096589e-08
1.869247698176673444e-07
4.584484709613037677e-08
1.869236227916478902e-07
3.810897545694072455e-07
1.869236227916478902e-07
4.584464622045965165e-08
1.152696772959165606e-08
5.832596514611680254e-09
1.152700430729347907e-08
4.584474524356562035e-08
4.584484709613037677e-08
5.832621365959009883e-09
2.968740056184990164e-09
2.968740056184990164e-09
5.832598533424174289e-09
5.832598533424174289e-09
1.519842535359911059e-09
1.152695914726023451e-08
1.869239507803844682e-07
4.584454991052138504e-08
1.869235580925702967e-07
3.810889172163535183e-07
7.820628786003552616e-07
7.820646742254471006e-07
9.227918744673369175e-08
2.291802660763031666e-08
1.152702955721782242e-08
1.152702955721782242e-08
4.584484709613037677e-08
2.291805224648522496e-08
4.584484709613037677e-08
1.519835968786069059e-09
2.968736827573059083e-09
1.519839206149307150e-09
1.152704245273609250e-08
2.968740056184990164e-09
5.832627799126692975e-09
2.291802660763031666e-08
2.291802660763031666e-08
7.820655922909869579e-07
3.810901824821684279e-07
7.820628786003552616e-07
7.820611350263761204e-07
9.227876363034152691e-08
1.869240395303786492e-07
3.360764697775513956e-06
3.360768642976413883e-06
7.820620004494577099e-07
4.584456577850442317e-08
4.584479580864005601e-08
2.291802660763031666e-08
1.615695268013193421e-06
9.227912453375541799e-08
1.869247698176673444e-07
1.152702955721782242e-08
1.869234189198038439e-07
3.360753207764199750e-06
1.615695268013193421e-06
1.615695268013193421e-06
3.360760811026387097e-06
1.615693480098709946e-06
1.615698923311316219e-06
7.820620004494577099e-07
3.810889172163535183e-07
7.820611350263761204e-07
3.810893328587525401e-07
3.360749488783613278e-06
7.039296731950940797e-06
7.039281038155789396e-06
7.820602820563588396e-07
1.869247698176673444e-07
3.360745823317550279e-06
1.615698923311316219e-06
3.810893328587525401e-07
1.869234189198038439e-07
1.615697082222661296e-06
1.615700791881136458e-06
1.615700791881136458e-06
1.615700791881136458e-06
1.615698923311316219e-06
1.615698923311316219e-06
1.615700791881136458e-06
1.615698923311316219e-06
1.869247698176673444e-07
9.227912453375541799e-08
4.584474524356562035e-08
1.869234189198038439e-07
3.360768642976413883e-06
1.869234189198038439e-07
1.152702955721782242e-08
9.227922776826096589e-08
9.227922776826096589e-08
9.227912453375541799e-08
1.484888511366992252e-05
3.810889172163535183e-07
9.227922776826096589e-08
9.227922776826096589e-08
9.227922776826096589e-08
9.227912453375541799e-08
1.152702955721782242e-08
1.869245607014160259e-07
1.152702955721782242e-08
2.291802660763031666e-08
1.152702955721782242e-08
9.227912453375541799e-08
9.227912453375541799e-08
1.869247698176673444e-07
3.810916713506561882e-07
3.810916713506561882e-07
9.227912453375541799e-08
9.227912453375541799e-08
3.810916713506561882e-07
1.869247698176673444e-07
3.810912450162664171e-07
1.869247698176673444e-07
5.832634324204109648e-09
2.968733643806437466e-09
1.519844836488809222e-09
2.968736827573059083e-09
1.519837576226004554e-09
5.832615022772817992e-09
7.825263614971310479e-10
1.519835968786069059e-09
7.825271863869244869e-10
1.519839206149307150e-09
4.584451577724969997e-08
9.227856086995872183e-08
1.869245607014160259e-07
1.869247698176673444e-07
1.869245607014160259e-07
4.051660205607616200e-10
2.968733643806437466e-09
7.825226404641615197e-10
7.825263614971310479e-10
9.227862957543276529e-08
2.968727407122821176e-09
5.832608767693099031e-09
1.152697975397241801e-08
5.832602598897067876e-09
2.291795182780268355e-08
1.519835968786069059e-09
3.073956916465225769e-11
3.073935774541033779e-11
5.810676385920434047e-11
7.825251235872589376e-10
2.968746651789071597e-09
2.968725196775476744e-09
5.832621365959009883e-09
7.825251235872589376e-10
7.825251235872589376e-10
1.519840859031081267e-09
5.832621365959009883e-09
5.832598533424174289e-09
2.968730503957093599e-09
2.291795182780268355e-08
2.109391551366812896e-10
1.104166576831676093e-10
4.051664534720353173e-10
4.051649525130997613e-10
2.109391551366812896e-10
2.968740056184990164e-09
7.825259746124919854e-10
7.825268377099956292e-10
1.152695914726023451e-08
2.291788661863545348e-08
2.968725196775476744e-09
2.968740056184990164e-09
1.152695914726023451e-08
5.832598533424174289e-09
2.968728434676153519e-09
2.968725196775476744e-09
1.519844235638120979e-09
7.825268377099956292e-10
7.825268377099956292e-10
5.832627799126692975e-09
1.152695914726023451e-08
2.968728434676153519e-09
2.968725196775476744e-09
2.968728434676153519e-09
2.968725196775476744e-09
2.291805224648522496e-08
2.968746651789071597e-09
1.519844235638120979e-09
2.968728434676153519e-09
2.968725196775476744e-09
1.519835968786069059e-09
1.519844836488809222e-09
1.519835968786069059e-09
3.073935774541033779e-11
2.109387119979795115e-10
1.519835968786069059e-09
7.825234567543308491e-10
5.832621365959009883e-09
2.968736827573059083e-09
4.051653931450957818e-10
4.051653931450957818e-10
1.104168896457751987e-10
3.073935774541033779e-11
3.073956916465225769e-11
2.109391551366812896e-10
3.073953632010988755e-11
1.634575653321813877e-11
3.073935774541033779e-11
2.968725196775476744e-09
1.152695914726023451e-08
1.152695914726023451e-08
1.152704245273609250e-08
1.869246881406593709e-07
1.152699741829541577e-08
1.152697171937329505e-08
4.584466798713036466e-08
1.152698447503547366e-08
5.832598533424174289e-09
1.869249108962269854e-07
5.832604987734841992e-09
1.152704245273609250e-08
1.152704245273609250e-08
1.152702955721782242e-08
2.291805224648522496e-08
4.584474524356562035e-08
4.584479580864005601e-08
1.152695914726023451e-08
5.832592171988413531e-09
5.832598533424174289e-09
2.291788661863545348e-08
5.832592171988413531e-09
2.291788661863545348e-08
4.584451577724969997e-08
2.291788661863545348e-08
2.291791161449650444e-08
9.227866151545557687e-08
3.810897545694072455e-07
9.227856086995872183e-08
2.291788661863545348e-08
5.832598533424174289e-09
1.152698447503547366e-08
5.832598533424174289e-09
5.832604987734841992e-09
2.291788661863545348e-08
1.869234189198038439e-07
4.584451577724969997e-08
2.968746651789071597e-09
2.291788661863545348e-08
5.832592171988413531e-09
2.291788661863545348e-08
4.584451577724969997e-08
1.869247698176673444e-07
1.869234189198038439e-07
2.291802660763031666e-08
1.152704245273609250e-08
2.291788661863545348e-08
1.869236227916478902e-07
2.291788661863545348e-08
2.291788661863545348e-08
3.810893328587525401e-07
9.227856086995872183e-08
9.227866151545557687e-08
2.968733643806437466e-09
2.968733643806437466e-09
4.584451577724969997e-08
3.810897545694072455e-07
4.584456577850442317e-08
2.291788661863545348e-08
5.832621365959009883e-09
5.832615022772817992e-09
1.152701684334022082e-08
2.291802660763031666e-08
5.832615022772817992e-09
1.152702955721782242e-08
4.051653931450957818e-10
7.825259746124919854e-10
4.584459773336056836e-08
7.825263614971310479e-10
1.152699194537199677e-08
1.152699194537199677e-08
2.968730503957093599e-09
1.519834383367618313e-09
5.832602598897067876e-09
1.519835968786069059e-09
1.519835968786069059e-09
2.291790368201734285e-08
1.152697975397241801e-08
5.832636630060371274e-09
2.291792758887703190e-08
2.291797640576108423e-08
5.832602598897067876e-09
2.968730503957093599e-09
5.832602598897067876e-09
2.968727407122821176e-09
5.832627799126692975e-09
2.968733643806437466e-09
7.825242843827373166e-10
1.519835968786069059e-09
1.519834383367618313e-09
5.832608767693099031e-09
1.519844836488809222e-09
2.968744653404013720e-09
2.968747825444520905e-09
1.519835968786069059e-09
7.825259746124919854e-10
2.968736827573059083e-09
1.152697975397241801e-08
7.825226404641615197e-10
1.152699194537199677e-08
1.152704245273609250e-08
5.832627799126692975e-09
7.825242843827373166e-10
2.968728434676153519e-09
2.968728434676153519e-09
1.152702955721782242e-08
7.825242843827373166e-10
7.825242843827373166e-10
1.519837576226004554e-09
1.152699194537199677e-08
5.832621365959009883e-09
1.519840859031081267e-09
1.519842535359911059e-09
9.227902275337405496e-08
1.152700430729347907e-08
4.584474524356562035e-08
5.832596514611680254e-09
1.152699194537199677e-08
1.152700430729347907e-08
4.584469538575096369e-08
2.291797640576108423e-08
1.152699194537199677e-08
2.291795182780268355e-08
2.291805224648522496e-08
2.291805224648522496e-08
7.825259746124919854e-10
1.519834383367618313e-09
2.968730503957093599e-09
2.968730503957093599e-09
4.051653931450957818e-10
2.968743330596594063e-09
5.832621365959009883e-09
2.968747825444520905e-09
1.519835968786069059e-09
2.109399374080036898e-10
1.519839206149307150e-09
1.519837576226004554e-09
5.832602598897067876e-09
5.810697973110116212e-11
4.692368709924020422e-12
2.109397150487045957e-10
2.968730503957093599e-09
7.825280225005983782e-10
5.832596514611680254e-09
1.152697975397241801e-08
1.152704700980301142e-08
2.291806130684031234e-08
1.519837576226004554e-09
5.810680316355047673e-11
2.109393813546994366e-10
5.832615022772817992e-09
1.519840859031081267e-09
2.968736827573059083e-09
5.832602598897067876e-09
1.152701684334022082e-08
5.832621365959009883e-09
1.519839206149307150e-09
5.832621365959009883e-09
1.519837576226004554e-09
1.519839206149307150e-09
1.519837576226004554e-09
1.152699194537199677e-08
7.825226404641615197e-10
5.832608767693099031e-09
5.832608767693099031e-09
5.832615022772817992e-09
2.968733643806437466e-09
2.968733643806437466e-09
2.968730503957093599e-09
1.519835968786069059e-09
1.152696772959165606e-08
5.832636630060371274e-09
2.968747825444520905e-09
5.832636630060371274e-09
5.832596514611680254e-09
2.291795182780268355e-08
2.291792758887703190e-08
9.227912453375541799e-08
4.584479580864005601e-08
2.968740056184990164e-09
1.152702955721782242e-08
1.519842535359911059e-09
2.968746651789071597e-09
1.519840859031081267e-09
1.519842535359911059e-09
4.584479580864005601e-08
1.869245607014160259e-07
1.152702955721782242e-08
2.291802660763031666e-08
5.832598533424174289e-09
5.832604987734841992e-09
2.291796270906259096e-08
2.968728434676153519e-09
4.584451577724969997e-08
1.152697171937329505e-08
2.968746651789071597e-09
1.519842535359911059e-09
2.291800132991447324e-08
9.227922776826096589e-08
9.227856086995872183e-08
2.291806130684031234e-08
5.832602598897067876e-09
2.968728434676153519e-09
1.519842535359911059e-09
1.152702955721782242e-08
2.291800132991447324e-08
2.291797640576108423e-08
1.152701684334022082e-08
1.869237530822804537e-07
1.152697975397241801e-08
9.227912453375541799e-08
9.227902275337405496e-08
2.291795182780268355e-08
1.869247698176673444e-07
3.360770111469141238e-06
3.360770111469141238e-06
7.820637697618910649e-07
1.615698923311316219e-06
9.227922776826096589e-08
1.152699194537199677e-08
2.968733643806437466e-09
1.152701684334022082e-08
2.291802660763031666e-08
2.291805224648522496e-08
1.152704245273609250e-08
4.584451577724969997e-08
7.820611350263761204e-07
9.227886724703567273e-08
3.810893328587525401e-07
1.152701684334022082e-08
9.227866151545557687e-08
4.584456577850442317e-08
9.227866151545557687e-08
3.810893328587525401e-07
7.820637697618910649e-07
5.832627799126692975e-09
9.227856086995872183e-08
9.227922776826096589e-08
4.584479580864005601e-08
1.615695268013193421e-06
9.227922776826096589e-08
2.291795182780268355e-08
4.584479580864005601e-08
1.152699194537199677e-08
4.584469538575096369e-08
1.869235580925702967e-07
1.869239507803844682e-07
1.869237530822804537e-07
7.820641965156944409e-07
1.869243545307064289e-07
4.584469538575096369e-08
3.810912450162664171e-07
1.869243545307064289e-07
3.810912450162664171e-07
1.869245607014160259e-07
7.820641965156944409e-07
3.154947017100083218e-05
7.039304753237739568e-06
1.869247698176673444e-07
1.869247698176673444e-07
2.291797640576108423e-08
1.869247698176673444e-07
9.227912453375541799e-08
7.820641965156944409e-07
4.584474524356562035e-08
4.584479580864005601e-08
5.832621365959009883e-09
1.869238296399549664e-07
4.584451577724969997e-08
2.291791161449650444e-08
9.227856086995872183e-08
4.584451577724969997e-08
1.869247698176673444e-07
1.869247698176673444e-07
3.810916713506561882e-07
2.291802660763031666e-08
3.810916713506561882e-07
9.227912453375541799e-08
4.584469538575096369e-08
1.869247698176673444e-07
1.869243545307064289e-07
2.291802660763031666e-08
3.810889172163535183e-07
1.869234189198038439e-07
3.810893328587525401e-07
9.227902275337405496e-08
2.291805224648522496e-08
1.152704245273609250e-08
4.584479580864005601e-08
1.152701684334022082e-08
9.227912453375541799e-08
3.360764697775513956e-06
2.968736827573059083e-09
1.519837576226004554e-09
1.519839206149307150e-09
2.968736827573059083e-09
2.291802660763031666e-08
1.152702955721782242e-08
1.519839206149307150e-09
1.152702955721782242e-08
1.152702955721782242e-08
1.152702955721782242e-08
1.152695914726023451e-08
1.152702955721782242e-08
3.154936230752278156e-05
3.360764697775513956e-06
6.930266195073087488e-04
1.152701684334022082e-08
5.832608767693099031e-09
1.869245607014160259e-07
5.832608767693099031e-09
3.810908246870375865e-07
1.869243545307064289e-07
2.291805224648522496e-08
3.810912450162664171e-07
9.227912453375541799e-08
4.584479580864005601e-08
3.360745823317550279e-06
7.820659340156805737e-07
3.810906167348629592e-07
7.039329546364267277e-06
3.164421396835376894e-04
3.154930305443523085e-05
7.820655922909869579e-07
1.615692233564075382e-06
3.360762644914509803e-06
4.584484709613037677e-08
3.360764697775513956e-06
2.291805224648522496e-08
1.869247698176673444e-07
9.227922776826096589e-08
9.227912453375541799e-08
7.820602820563588396e-07
1.869247698176673444e-07
4.584479580864005601e-08
9.227912453375541799e-08
3.154932739527077103e-05
7.640784224514390009e-03
1.529895239521139117e-03
6.752781689741403116e-05
3.810906167348629592e-07
9.227922776826096589e-08
3.810906167348629592e-07
1.456216686291002683e-04
1.615698047828331365e-06
1.615694606279092026e-06
2.291802660763031666e-08
4.584459773336056836e-08
1.869235580925702967e-07
1.869244469470091096e-07
3.154946649779168187e-05
7.820625072833428356e-07
7.820625072833428356e-07
3.810906167348629592e-07
7.820602820563588396e-07
1.869245607014160259e-07
2.291805224648522496e-08
4.584474524356562035e-08
9.227866151545557687e-08
1.869245607014160259e-07
1.152702955721782242e-08
3.810912450162664171e-07
1.869247698176673444e-07
3.073934821114833362e-11
5.832608767693099031e-09
1.152701684334022082e-08
1.152699194537199677e-08
1.152700430729347907e-08
5.832615022772817992e-09
2.968727407122821176e-09
7.825226404641615197e-10
2.291797640576108423e-08
5.832634324204109648e-09
9.227866151545557687e-08
4.584451577724969997e-08
4.584484709613037677e-08
5.832592171988413531e-09
9.227856086995872183e-08
4.584451577724969997e-08
1.519842535359911059e-09
1.152697171937329505e-08
1.152697171937329505e-08
1.152697171937329505e-08
1.869236227916478902e-07
1.152697171937329505e-08
9.227912453375541799e-08
4.584479580864005601e-08
4.584479580864005601e-08
4.584474524356562035e-08
1.869234189198038439e-07
9.227912453375541799e-08
9.227912453375541799e-08
4.584474524356562035e-08
2.291797640576108423e-08
1.152695914726023451e-08
5.832634324204109648e-09
1.152697171937329505e-08
1.869234189198038439e-07
9.227856086995872183e-08
4.584451577724969997e-08
1.152695914726023451e-08
1.152695914726023451e-08
1.152697171937329505e-08
9.227902275337405496e-08
2.291800132991447324e-08
1.152700430729347907e-08
4.584469538575096369e-08
9.227866151545557687e-08
1.869238296399549664e-07
1.869236227916478902e-07
3.810893328587525401e-07
9.227902275337405496e-08
4.584474524356562035e-08
4.584474524356562035e-08
4.584469538575096369e-08
2.291800132991447324e-08
1.869236227916478902e-07
9.227856086995872183e-08
1.869234189198038439e-07
3.810889172163535183e-07
1.869236227916478902e-07
1.869236227916478902e-07
9.227922776826096589e-08
1.152700430729347907e-08
4.584479580864005601e-08
1.869245607014160259e-07
4.584479580864005601e-08
4.584469538575096369e-08
9.227912453375541799e-08
4.584479580864005601e-08
4.584474524356562035e-08
4.584479580864005601e-08
4.584479580864005601e-08
1.869234189198038439e-07
2.291797640576108423e-08
1.869241512437155246e-07
3.810900015436889919e-07
4.584469538575096369e-08
4.584469538575096369e-08
9.227902275337405496e-08
4.584469538575096369e-08
9.227902275337405496e-08
4.584469538575096369e-08
2.291797640576108423e-08
1.869241512437155246e-07
1.869243545307064289e-07
3.810904102370149973e-07
1.869245607014160259e-07
7.820602820563588396e-07
1.869236227916478902e-07
9.227856086995872183e-08
1.869236227916478902e-07
9.227922776826096589e-08
1.869236227916478902e-07
1.869236227916478902e-07
1.869236227916478902e-07
1.869236227916478902e-07
1.869236227916478902e-07
1.869247698176673444e-07
4.584474524356562035e-08
1.869245607014160259e-07
9.227902275337405496e-08
2.291795182780268355e-08
1.869234189198038439e-07
1.869234189198038439e-07
4.584451577724969997e-08
4.584456577850442317e-08
1.152697171937329505e-08
1.152697171937329505e-08
1.869246881406593709e-07
1.869234189198038439e-07
1.869234189198038439e-07
7.820628786003552616e-07
9.227922776826096589e-08
9.227922776826096589e-08
9.227856086995872183e-08
7.820637697618910649e-07
1.869234189198038439e-07
1.869245607014160259e-07
9.227922776826096589e-08
2.291802660763031666e-08
9.227912453375541799e-08
3.810893328587525401e-07
7.820637697618910649e-07
9.227866151545557687e-08
7.820659340156805737e-07
7.820659340156805737e-07
9.227912453375541799e-08
1.869245607014160259e-07
1.869247698176673444e-07
2.291805224648522496e-08
1.869247698176673444e-07
4.584459773336056836e-08
4.584479580864005601e-08
3.360766351712582655e-06
3.360753207764199750e-06
3.810889172163535183e-07
1.869234189198038439e-07
1.869234189198038439e-07
1.869234189198038439e-07
9.227856086995872183e-08
1.869247698176673444e-07
2.291797640576108423e-08
4.584484709613037677e-08
3.810889172163535183e-07
4.584451577724969997e-08
4.584451577724969997e-08
9.227872583608034506e-08
1.152696772959165606e-08
7.820650591038516236e-07
1.869247698176673444e-07
3.810912450162664171e-07
2.968733643806437466e-09
2.291802660763031666e-08
1.152700430729347907e-08
2.291797640576108423e-08
1.869247698176673444e-07
9.227922776826096589e-08
4.584484709613037677e-08
1.615691717911589105e-06
3.360764697775513956e-06
2.291805224648522496e-08
2.291805224648522496e-08
1.869241512437155246e-07
4.051647562331401372e-10
4.584454991052138504e-08
5.832621365959009883e-09
1.519835968786069059e-09
5.832608767693099031e-09
2.968733643806437466e-09
5.832602598897067876e-09
1.456220556376960115e-04
1.615700791881136458e-06
1.869244687100582340e-07
7.039275607232335015e-06
1.529894403614563822e-03
1.456222298951382818e-04
6.930270423411700976e-04
3.164429029831063145e-04
7.640806172639133011e-03
3.360746895909078356e-06
1.456217151046673697e-04
3.154943368380800099e-05
3.154936230752278156e-05
7.640769874301568156e-03
6.752765953029254075e-05
1.456218840613350909e-04
3.404858276938728216e-03
3.164417668417459067e-04
1.456220556376960115e-04
1.456218840613350909e-04
1.456220556376960115e-04
7.039296731950940797e-06
3.154954480402919338e-05
1.615703394535552329e-06
1.615695268013193421e-06
1.456226574086676607e-04
7.640796885352647144e-03
1.729233417023459674e-02
1.484891187139660942e-05
3.154933965931410822e-05
1.456217151046673697e-04
3.810916713506561882e-07
1.484884565092446471e-05
9.227922776826096589e-08
7.039281038155789396e-06
1.869247698176673444e-07
4.584484709613037677e-08
3.810897545694072455e-07
3.810916713506561882e-07
7.820659340156805737e-07
3.154937683175506908e-05
1.456220556376960115e-04
1.456218840613350909e-04
3.154930305443523085e-05
1.869238296399549664e-07
1.869238296399549664e-07
4.584456577850442317e-08
6.752789736938021221e-05
1.615698923311316219e-06
1.615703394535552329e-06
3.810912450162664171e-07
3.164425183514548616e-04
1.484885038997509815e-05
3.164425183514548616e-04
3.164417668417459067e-04
1.615700791881136458e-06
1.615698923311316219e-06
7.039283774507235832e-06
1.456220556376960115e-04
1.484885038997509815e-05
1.615700791881136458e-06
6.752737993428148367e-05
7.820637697618910649e-07
7.820637697618910649e-07
6.752753784550500965e-05
3.154937683175506908e-05
3.154937683175506908e-05
3.154937683175506908e-05
1.484888511366992252e-05
1.484888511366992252e-05
3.154937683175506908e-05
5.832598533424174289e-09
7.039300491927801638e-06
1.152697171937329505e-08
5.832598533424174289e-09
1.152698447503547366e-08
2.291793697528904485e-08
5.832598533424174289e-09
2.291793697528904485e-08
4.584456577850442317e-08
4.584451577724969997e-08
4.584451577724969997e-08
1.152697171937329505e-08
2.291796270906259096e-08
1.869238296399549664e-07
1.152698447503547366e-08
4.584472022718145739e-08
3.810901824821684279e-07
4.584451577724969997e-08
4.584456577850442317e-08
1.152701684334022082e-08
1.152701684334022082e-08
5.832615022772817992e-09
4.584479580864005601e-08
4.584484709613037677e-08
2.291802660763031666e-08
9.227912453375541799e-08
2.291802660763031666e-08
4.584479580864005601e-08
4.584484709613037677e-08
1.869234189198038439e-07
2.291800132991447324e-08
2.291800132991447324e-08
3.810897545694072455e-07
2.291796270906259096e-08
2.291796270906259096e-08
7.820628786003552616e-07
7.820620004494577099e-07
3.810901824821684279e-07
3.810906167348629592e-07
7.820637697618910649e-07
4.584479580864005601e-08
2.291805224648522496e-08
9.227922776826096589e-08
9.227922776826096589e-08
2.968743330596594063e-09
4.584466798713036466e-08
1.869240395303786492e-07
3.810901824821684279e-07
4.584484709613037677e-08
9.227922776826096589e-08
1.152695914726023451e-08
2.968743330596594063e-09
1.519837576226004554e-09
1.519842535359911059e-09
2.968743330596594063e-09
2.968743330596594063e-09
2.968743330596594063e-09
2.291800132991447324e-08
2.291800132991447324e-08
1.152697171937329505e-08
3.810906167348629592e-07
7.820637697618910649e-07
5.832634324204109648e-09
5.832627799126692975e-09
1.869240395303786492e-07
1.869244687100582340e-07
5.832598533424174289e-09
1.152697171937329505e-08
1.152701684334022082e-08
2.291800132991447324e-08
2.968740056184990164e-09
5.832634324204109648e-09
5.832634324204109648e-09
4.584479580864005601e-08
2.291797640576108423e-08
4.584474524356562035e-08
3.810897545694072455e-07
3.810897545694072455e-07
1.869236227916478902e-07
1.869236227916478902e-07
9.227922776826096589e-08
1.869236227916478902e-07
9.227856086995872183e-08
3.810897545694072455e-07
3.810897545694072455e-07
1.869234189198038439e-07
1.869236227916478902e-07
7.820628786003552616e-07
7.820628786003552616e-07
2.291800132991447324e-08
1.152702955721782242e-08
4.584484709613037677e-08
9.227922776826096589e-08
9.227922776826096589e-08
9.227856086995872183e-08
1.869236227916478902e-07
9.227922776826096589e-08
1.152701684334022082e-08
1.519840859031081267e-09
1.519840859031081267e-09
7.825251235872589376e-10
2.968743330596594063e-09
5.832634324204109648e-09
5.832634324204109648e-09
5.832634324204109648e-09
4.584484709613037677e-08
4.584479580864005601e-08
4.584479580864005601e-08
9.227922776826096589e-08
7.820628786003552616e-07
4.584474524356562035e-08
4.584484709613037677e-08
5.832634324204109648e-09
2.968743330596594063e-09
7.820628786003552616e-07
7.820628786003552616e-07
7.820628786003552616e-07
7.820628786003552616e-07
1.869236227916478902e-07
3.810901824821684279e-07
7.820628786003552616e-07
7.820628786003552616e-07
7.820628786003552616e-07
7.820628786003552616e-07
7.820628786003552616e-07
7.820628786003552616e-07
1.615698923311316219e-06
1.615700791881136458e-06
6.752753784550500965e-05
1.456222298951382818e-04
1.615698923311316219e-06
7.820637697618910649e-07
1.615698923311316219e-06
3.810901824821684279e-07
1.869238296399549664e-07
4.584466798713036466e-08
3.810906167348629592e-07
1.615698923311316219e-06
1.615698923311316219e-06
9.227922776826096589e-08
1.615698923311316219e-06
7.820628786003552616e-07
1.869238296399549664e-07
1.869240395303786492e-07
1.869244687100582340e-07
9.227897239890940517e-08
3.810897545694072455e-07
3.810901824821684279e-07
1.869238296399549664e-07
3.810897545694072455e-07
7.820628786003552616e-07
3.810901824821684279e-07
9.227886724703567273e-08
9.227856086995872183e-08
3.810897545694072455e-07
1.869238296399549664e-07
9.227866151545557687e-08
3.810897545694072455e-07
9.227866151545557687e-08
9.227897239890940517e-08
1.869236227916478902e-07
1.869240395303786492e-07
4.584466798713036466e-08
9.227897239890940517e-08
9.227897239890940517e-08
9.227866151545557687e-08
4.584451577724969997e-08
4.584466798713036466e-08
3.810906167348629592e-07
1.152704245273609250e-08
4.584466798713036466e-08
7.820637697618910649e-07
7.820637697618910649e-07
3.360768642976413883e-06
3.154937683175506908e-05
1.484888511366992252e-05
3.360746895909078356e-06
1.484888511366992252e-05
7.820665242677455312e-07
1.615698923311316219e-06
1.615698923311316219e-06
1.615698923311316219e-06
1.615698923311316219e-06
3.810893328587525401e-07
3.810893328587525401e-07
1.615698923311316219e-06
7.820628786003552616e-07
1.615700791881136458e-06
1.615698923311316219e-06
7.820628786003552616e-07
3.360764697775513956e-06
1.615698923311316219e-06
1.615698923311316219e-06
3.810901824821684279e-07
9.227866151545557687e-08
1.869238296399549664e-07
9.227866151545557687e-08
1.869238296399549664e-07
3.810897545694072455e-07
1.615698923311316219e-06
7.820637697618910649e-07
7.820637697618910649e-07
3.810906167348629592e-07
7.820637697618910649e-07
1.615698923311316219e-06
1.869234189198038439e-07
7.820637697618910649e-07
1.615698923311316219e-06
7.820628786003552616e-07
3.810901824821684279e-07
1.615698923311316219e-06
3.360760811026387097e-06
1.615704613962533248e-06
7.039275607232335015e-06
3.360768642976413883e-06
1.615702688551967596e-06
7.820637697618910649e-07
1.615698923311316219e-06
3.360768642976413883e-06
3.810906167348629592e-07
7.820637697618910649e-07
2.291796270906259096e-08
1.615698923311316219e-06
1.869236227916478902e-07
7.820628786003552616e-07
1.615698923311316219e-06
7.820628786003552616e-07
1.869236227916478902e-07
3.810893328587525401e-07
1.615698923311316219e-06
1.615700791881136458e-06
1.615698923311316219e-06
1.615698923311316219e-06
3.810897545694072455e-07
3.810897545694072455e-07
7.820628786003552616e-07
9.227922776826096589e-08
3.810897545694072455e-07
7.820628786003552616e-07
1.615700791881136458e-06
7.820628786003552616e-07
7.820628786003552616e-07
1.615700791881136458e-06
1.615698923311316219e-06
2.291797640576108423e-08
2.291797640576108423e-08
3.810897545694072455e-07
1.869238296399549664e-07
1.869234189198038439e-07
1.869236227916478902e-07
1.615698923311316219e-06
9.227897239890940517e-08
3.154937683175506908e-05
3.360754754938331725e-06
3.810910574694669548e-07
9.227897239890940517e-08
7.820655922909869579e-07
1.615694108160747646e-06
9.227907912034409595e-08
9.227907912034409595e-08
1.615698923311316219e-06
2.968743330596594063e-09
2.968743330596594063e-09
2.968743330596594063e-09
7.820628786003552616e-07
2.291800132991447324e-08
9.227907912034409595e-08
9.227897239890940517e-08
1.869236227916478902e-07
7.820628786003552616e-07
2.291793697528904485e-08
2.291788661863545348e-08
2.968743330596594063e-09
9.227876363034152691e-08
2.968743330596594063e-09
1.519842535359911059e-09
1.519842535359911059e-09
3.810897545694072455e-07
7.820620004494577099e-07
9.227866151545557687e-08
1.869236227916478902e-07
1.869236227916478902e-07
3.810901824821684279e-07
1.869234189198038439e-07
1.869238296399549664e-07
3.810893328587525401e-07
7.820628786003552616e-07
7.820628786003552616e-07
3.810901824821684279e-07
5.832621365959009883e-09
2.968733643806437466e-09
1.152700430729347907e-08
1.519837576226004554e-09
7.825259746124919854e-10
5.832615022772817992e-09
1.869236227916478902e-07
2.291800132991447324e-08
3.810893328587525401e-07
3.810893328587525401e-07
9.227856086995872183e-08
1.869236227916478902e-07
2.968743330596594063e-09
2.291802660763031666e-08
1.519837576226004554e-09
4.584479580864005601e-08
2.291802660763031666e-08
4.584479580864005601e-08
2.291800132991447324e-08
4.584479580864005601e-08
4.584479580864005601e-08
4.584479580864005601e-08
9.227912453375541799e-08
2.291802660763031666e-08
2.291802660763031666e-08
2.291802660763031666e-08
5.832634324204109648e-09
2.968743330596594063e-09
5.832634324204109648e-09
1.615696011823171054e-06
3.164425183514548616e-04
1.615698923311316219e-06
3.360768642976413883e-06
3.154937683175506908e-05
7.820628786003552616e-07
4.584479580864005601e-08
3.810897545694072455e-07
1.152697171937329505e-08
1.869246881406593709e-07
3.360750795194264882e-06
1.484886761825921526e-05
1.484886761825921526e-05
1.615698923311316219e-06
3.810897545694072455e-07
7.820628786003552616e-07
7.820628786003552616e-07
3.810901824821684279e-07
2.291791161449650444e-08
1.869238296399549664e-07
3.810897545694072455e-07
1.869234189198038439e-07
9.227866151545557687e-08
4.584456577850442317e-08
4.584474524356562035e-08
9.227922776826096589e-08
3.810906167348629592e-07
1.869247698176673444e-07
2.291800132991447324e-08
1.869236227916478902e-07
3.810901824821684279e-07
1.869244687100582340e-07
7.820628786003552616e-07
7.820628786003552616e-07
7.820646742254471006e-07
3.360768642976413883e-06
1.869240395303786492e-07
7.820628786003552616e-07
1.869242525305440109e-07
1.152697171937329505e-08
5.832634324204109648e-09
1.152697171937329505e-08
1.152697171937329505e-08
1.152697171937329505e-08
1.869244687100582340e-07
3.360754754938331725e-06
1.484893926626292598e-05
6.752778411256641342e-05
7.820628786003552616e-07
9.227876363034152691e-08
6.930253706739042223e-04
3.164417668417459067e-04
9.227922776826096589e-08
1.869236227916478902e-07
7.820628786003552616e-07
7.820628786003552616e-07
7.820628786003552616e-07
9.227912453375541799e-08
9.227922776826096589e-08
7.820602820563588396e-07
1.615698923311316219e-06
7.820628786003552616e-07
7.820628786003552616e-07
7.820628786003552616e-07
7.820628786003552616e-07
7.820628786003552616e-07
7.820637697618910649e-07
7.820620004494577099e-07
3.810897545694072455e-07
1.869244687100582340e-07
1.869246881406593709e-07
3.154945293295153310e-05
7.039292068416102515e-06
7.039283774507235832e-06
7.039329546364267277e-06
6.752753784550500965e-05
1.484893926626292598e-05
7.039309048103661045e-06
7.820605316530637492e-07
1.869244687100582340e-07
1.869246881406593709e-07
1.615698923311316219e-06
3.360768642976413883e-06
1.615698923311316219e-06
6.752753784550500965e-05
1.456220556376960115e-04
3.164421396835376894e-04
3.164421396835376894e-04
7.039283774507235832e-06
1.484886761825921526e-05
1.615698923311316219e-06
1.484886761825921526e-05
7.039283774507235832e-06
1.615694108160747646e-06
1.615694108160747646e-06
1.615698923311316219e-06
1.615698923311316219e-06
7.820628786003552616e-07
7.820628786003552616e-07
1.615700791881136458e-06
7.820628786003552616e-07
1.456220556376960115e-04
3.164425183514548616e-04
7.820646742254471006e-07
3.810901824821684279e-07
7.820637697618910649e-07
3.810906167348629592e-07
7.820655922909869579e-07
7.820637697618910649e-07
3.360772647958057007e-06
7.820628786003552616e-07
3.154937683175506908e-05
7.039283774507235832e-06
1.615694108160747646e-06
3.360758776558031274e-06
3.360750795194264882e-06
3.154949188958937545e-05
3.360772647958057007e-06
3.164421396835376894e-04
7.039275607232335015e-06
3.154945293295153310e-05
1.484886761825921526e-05
1.615698923311316219e-06
1.484888511366992252e-05
3.810906167348629592e-07
7.820637697618910649e-07
7.820628786003552616e-07
7.820628786003552616e-07
7.820628786003552616e-07
3.810901824821684279e-07
9.227897239890940517e-08
1.615698923311316219e-06
3.360750795194264882e-06
7.820628786003552616e-07
1.456220556376960115e-04
1.615700791881136458e-06
7.039292068416102515e-06
6.752753784550500965e-05
7.820646742254471006e-07
7.820605316530637492e-07
1.615698923311316219e-06
3.154937683175506908e-05
1.615700791881136458e-06
1.615698923311316219e-06
3.360768642976413883e-06
1.615698923311316219e-06
1.615698923311316219e-06
7.039275607232335015e-06
1.615702688551967596e-06
1.869244687100582340e-07
3.164421396835376894e-04
7.820646742254471006e-07
9.227897239890940517e-08
1.869240395303786492e-07
1.869240395303786492e-07
1.869240395303786492e-07
1.615698923311316219e-06
3.154937683175506908e-05
1.484888511366992252e-05
1.484888511366992252e-05
9.227897239890940517e-08
4.584472022718145739e-08
9.227922776826096589e-08
3.810897545694072455e-07
1.869236227916478902e-07
3.810897545694072455e-07
7.820628786003552616e-07
4.584484709613037677e-08
3.810897545694072455e-07
4.584456577850442317e-08
4.584456577850442317e-08
1.869236227916478902e-07
1.869236227916478902e-07
4.584474524356562035e-08
1.869236227916478902e-07
3.810897545694072455e-07
1.615698923311316219e-06
7.820628786003552616e-07
1.869236227916478902e-07
3.810897545694072455e-07
7.820628786003552616e-07
3.810897545694072455e-07
3.810893328587525401e-07
3.810897545694072455e-07
1.615697082222661296e-06
7.820628786003552616e-07
1.615698923311316219e-06
9.227856086995872183e-08
9.227856086995872183e-08
4.584479580864005601e-08
2.291797640576108423e-08
1.152696772959165606e-08
1.152697975397241801e-08
2.291797640576108423e-08
2.291797640576108423e-08
4.584479580864005601e-08
4.584479580864005601e-08
2.291795182780268355e-08
4.584474524356562035e-08
2.291800132991447324e-08
2.968740056184990164e-09
4.584469538575096369e-08
2.291800132991447324e-08
1.152700430729347907e-08
2.291800132991447324e-08
4.584469538575096369e-08
7.820628786003552616e-07
1.615698923311316219e-06
7.820628786003552616e-07
7.820628786003552616e-07
3.810897545694072455e-07
7.820628786003552616e-07
3.810910574694669548e-07
7.820628786003552616e-07
3.810897545694072455e-07
6.930261999770873137e-04
3.404866489899418657e-03
3.154954480402919338e-05
1.615698923311316219e-06
1.615698923311316219e-06
6.752753784550500965e-05
7.820628786003552616e-07
7.039329546364267277e-06
7.820628786003552616e-07
1.456220556376960115e-04
1.484886761825921526e-05
3.154937683175506908e-05
1.484896417073151278e-05
7.039329546364267277e-06
6.752753784550500965e-05
6.752753784550500965e-05
6.752753784550500965e-05
3.164425183514548616e-04
6.752753784550500965e-05
1.484896417073151278e-05
3.154937683175506908e-05
6.752753784550500965e-05
3.164425183514548616e-04
3.164425183514548616e-04
1.456220556376960115e-04
6.752753784550500965e-05
6.752753784550500965e-05
7.039329546364267277e-06
6.752753784550500965e-05
7.039275607232335015e-06
3.360768642976413883e-06
3.360768642976413883e-06
7.820646742254471006e-07
7.039329546364267277e-06
3.154937683175506908e-05
6.930270423411700976e-04
3.154937683175506908e-05
6.930270423411700976e-04
3.164425183514548616e-04
7.039329546364267277e-06
1.615698923311316219e-06
4.584479580864005601e-08
9.227912453375541799e-08
4.584484709613037677e-08
2.291802660763031666e-08
1.869234189198038439e-07
4.584451577724969997e-08
1.869236227916478902e-07
3.810897545694072455e-07
3.810897545694072455e-07
3.810901824821684279e-07
1.869238296399549664e-07
1.869246881406593709e-07
3.810915048321819016e-07
3.810919589736616087e-07
3.360754754938331725e-06
9.227856086995872183e-08
1.152695914726023451e-08
4.584484709613037677e-08
2.291793697528904485e-08
7.820637697618910649e-07
7.820628786003552616e-07
7.820637697618910649e-07
3.810901824821684279e-07
3.810897545694072455e-07
3.810901824821684279e-07
1.869240395303786492e-07
9.227897239890940517e-08
1.152695914726023451e-08
7.820628786003552616e-07
7.820628786003552616e-07
3.810901824821684279e-07
7.820628786003552616e-07
1.152695914726023451e-08
1.869244687100582340e-07
1.869244687100582340e-07
4.584466798713036466e-08
4.584466798713036466e-08
3.810915048321819016e-07
4.584472022718145739e-08
3.810915048321819016e-07
9.227907912034409595e-08
1.615704613962533248e-06
7.039292068416102515e-06
3.360772647958057007e-06
3.810906167348629592e-07
3.810897545694072455e-07
1.615698923311316219e-06
1.615698923311316219e-06
7.820637697618910649e-07
4.584456577850442317e-08
7.820628786003552616e-07
7.820628786003552616e-07
1.615700791881136458e-06
3.154937683175506908e-05
7.039329546364267277e-06
1.615700791881136458e-06
6.752753784550500965e-05
1.484888511366992252e-05
1.615704613962533248e-06
1.615702688551967596e-06
1.615704613962533248e-06
3.154937683175506908e-05
3.360772647958057007e-06
3.154937683175506908e-05
7.820628786003552616e-07
1.615698923311316219e-06
1.484886761825921526e-05
7.820628786003552616e-07
1.869236227916478902e-07
1.615700791881136458e-06
3.360768642976413883e-06
1.484886761825921526e-05
1.484886761825921526e-05
1.484885038997509815e-05
1.615698923311316219e-06
1.456220556376960115e-04
3.154933965931410822e-05
1.615698923311316219e-06
1.615700791881136458e-06
1.615698923311316219e-06
1.615700791881136458e-06
3.154933965931410822e-05
6.930261999770873137e-04
6.930261999770873137e-04
3.810910574694669548e-07
1.615698923311316219e-06
1.615700791881136458e-06
1.615698923311316219e-06
1.484886761825921526e-05
7.039329546364267277e-06
1.615700791881136458e-06
1.484886761825921526e-05
7.039329546364267277e-06
3.154937683175506908e-05
1.615698923311316219e-06
1.615700791881136458e-06
1.615700791881136458e-06
1.484886761825921526e-05
1.615698923311316219e-06
7.039275607232335015e-06
7.820637697618910649e-07
1.484885038997509815e-05
7.039329546364267277e-06
1.484886761825921526e-05
3.360768642976413883e-06
7.820655922909869579e-07
3.360772647958057007e-06
7.820655922909869579e-07
1.484886761825921526e-05
7.820620004494577099e-07
7.820628786003552616e-07
7.820628786003552616e-07
1.869234189198038439e-07
3.360768642976413883e-06
1.484885038997509815e-05
1.615698923311316219e-06
1.615698923311316219e-06
3.360768642976413883e-06
1.615698923311316219e-06
1.615698923311316219e-06
7.820628786003552616e-07
3.164421396835376894e-04
6.930261999770873137e-04
3.164421396835376894e-04
1.484886761825921526e-05
3.360768642976413883e-06
1.615700791881136458e-06
1.615700791881136458e-06
1.615697082222661296e-06
1.869249108962269854e-07
3.810901824821684279e-07
6.752753784550500965e-05
1.869234189198038439e-07
4.584484709613037677e-08
3.810893328587525401e-07
4.584474524356562035e-08
7.820602820563588396e-07
3.810893328587525401e-07
7.039292068416102515e-06
1.519842535359911059e-09
6.752753784550500965e-05
6.752761865178490348e-05
1.484888511366992252e-05
6.752761865178490348e-05
7.039329546364267277e-06
1.615702688551967596e-06
6.752753784550500965e-05
1.484888511366992252e-05
3.154937683175506908e-05
6.752778411256641342e-05
3.154933965931410822e-05
1.615697082222661296e-06
7.039296731950940797e-06
1.615697082222661296e-06
3.810915048321819016e-07
3.154933965931410822e-05
1.484896417073151278e-05
7.039329546364267277e-06
3.360768642976413883e-06
6.752753784550500965e-05
3.154937683175506908e-05
3.360750795194264882e-06
6.752753784550500965e-05
4.584484709613037677e-08
9.227856086995872183e-08
9.227922776826096589e-08
1.152700430729347907e-08
4.584479580864005601e-08
7.039309048103661045e-06
6.752786882864530548e-05
3.154937683175506908e-05
1.615704613962533248e-06
1.484888511366992252e-05
3.154949188958937545e-05
1.484893926626292598e-05
7.039317740102658771e-06
1.456227693975416996e-04
1.484892093111071234e-05
1.615694108160747646e-06
3.360758776558031274e-06
7.039309048103661045e-06
1.456222298951382818e-04
6.752753784550500965e-05
6.752778411256641342e-05
3.360758776558031274e-06
7.820655922909869579e-07
1.484888511366992252e-05
6.752753784550500965e-05
3.360768642976413883e-06
1.615702688551967596e-06
7.820628786003552616e-07
1.615698923311316219e-06
1.615698923311316219e-06
1.615700791881136458e-06
1.615700791881136458e-06
1.615698923311316219e-06
1.615700791881136458e-06
7.820628786003552616e-07
7.820628786003552616e-07
7.820628786003552616e-07
7.820628786003552616e-07
3.810897545694072455e-07
7.820628786003552616e-07
1.869244687100582340e-07
7.820637697618910649e-07
7.820628786003552616e-07
1.615698923311316219e-06
7.820628786003552616e-07
2.291793697528904485e-08
2.291805224648522496e-08
2.291788661863545348e-08
4.584456577850442317e-08
7.820605316530637492e-07
1.615698923311316219e-06
1.615700791881136458e-06
7.039329546364267277e-06
3.360768642976413883e-06
4.584479580864005601e-08
1.484896417073151278e-05
1.615697082222661296e-06
3.154937683175506908e-05
7.039329546364267277e-06
7.039321157702524971e-06
3.154937683175506908e-05
3.154937683175506908e-05
7.039321157702524971e-06
7.039275607232335015e-06
3.360768642976413883e-06
3.810893328587525401e-07
3.154937683175506908e-05
1.484888511366992252e-05
1.484886761825921526e-05
1.615697945232685568e-06
3.360762861515594813e-06
3.360768642976413883e-06
1.484885038997509815e-05
3.164421396835376894e-04
7.039329546364267277e-06
3.154930305443523085e-05
3.360760811026387097e-06
1.615697082222661296e-06
1.484894647544678485e-05
3.360760811026387097e-06
7.039275607232335015e-06
3.810910574694669548e-07
1.615698923311316219e-06
7.820628786003552616e-07
9.227897239890940517e-08
3.810915048321819016e-07
3.810915048321819016e-07
4.584466798713036466e-08
2.291793697528904485e-08
1.152698447503547366e-08
9.227922776826096589e-08
1.484893926626292598e-05
1.484893926626292598e-05
7.039283774507235832e-06
3.360772647958057007e-06
3.360754754938331725e-06
1.484893926626292598e-05
1.869244687100582340e-07
9.227897239890940517e-08
2.291796270906259096e-08
1.152697171937329505e-08
1.869246881406593709e-07
3.810919589736616087e-07
7.820614390338381012e-07
6.752761865178490348e-05
6.752786882864530548e-05
1.456222298951382818e-04
3.154949188958937545e-05
7.039309048103661045e-06
7.039309048103661045e-06
3.164425183514548616e-04
1.615698923311316219e-06
1.615700791881136458e-06
1.615704613962533248e-06
3.154937683175506908e-05
3.154937683175506908e-05
1.456222298951382818e-04
6.752778411256641342e-05
6.752778411256641342e-05
3.154945293295153310e-05
6.752761865178490348e-05
6.752761865178490348e-05
3.164425183514548616e-04
1.484892093111071234e-05
1.484892093111071234e-05
7.039329546364267277e-06
7.820628786003552616e-07
7.820628786003552616e-07
7.820628786003552616e-07
1.869238296399549664e-07
7.820605316530637492e-07
3.360754754938331725e-06
7.820605316530637492e-07
3.360768642976413883e-06
6.752753784550500965e-05
1.484886761825921526e-05
3.154937683175506908e-05
3.154937683175506908e-05
7.039275607232335015e-06
1.615700791881136458e-06
3.360772647958057007e-06
1.484885038997509815e-05
5.832634324204109648e-09
5.832621365959009883e-09
5.832621365959009883e-09
1.152702955721782242e-08
1.152702955721782242e-08
9.227922776826096589e-08
7.820602820563588396e-07
2.291800132991447324e-08
1.152699194537199677e-08
9.227856086995872183e-08
5.832592171988413531e-09
2.291797640576108423e-08
1.152699194537199677e-08
2.291795182780268355e-08
5.832602598897067876e-09
1.519835968786069059e-09
1.869236227916478902e-07
4.584451577724969997e-08
7.820628786003552616e-07
9.227866151545557687e-08
1.615697082222661296e-06
7.039321157702524971e-06
7.039329546364267277e-06
1.615697082222661296e-06
3.360764697775513956e-06
3.810897545694072455e-07
2.291796270906259096e-08
1.869236227916478902e-07
7.039329546364267277e-06
2.291788661863545348e-08
2.291788661863545348e-08
1.869242525305440109e-07
9.227856086995872183e-08
5.832634324204109648e-09
7.820628786003552616e-07
4.584451577724969997e-08
9.227856086995872183e-08
9.227929741456609555e-08
4.584461650976395036e-08
5.832627799126692975e-09
4.584484709613037677e-08
2.291788661863545348e-08
2.291805224648522496e-08
3.810910574694669548e-07
9.227876363034152691e-08
1.152695914726023451e-08
2.291788661863545348e-08
7.825268377099956292e-10
2.968740056184990164e-09
7.825280225005983782e-10
3.810893328587525401e-07
3.810897545694072455e-07
1.152704245273609250e-08
3.810890388419368108e-07
1.869240395303786492e-07
3.810893328587525401e-07
2.968740056184990164e-09
2.291802660763031666e-08
4.584451577724969997e-08
2.291788661863545348e-08
2.968728434676153519e-09
1.152704245273609250e-08
3.810916713506561882e-07
1.869247698176673444e-07
2.968725196775476744e-09
2.968725196775476744e-09
5.832598533424174289e-09
1.519844235638120979e-09
2.968728434676153519e-09
1.519844235638120979e-09
2.968728434676153519e-09
1.152704245273609250e-08
2.291805224648522496e-08
9.227866151545557687e-08
9.227876363034152691e-08
2.291805224648522496e-08
4.584451577724969997e-08
1.152704245273609250e-08
4.584484709613037677e-08
1.152704245273609250e-08
2.291788661863545348e-08
1.152695914726023451e-08
2.968725196775476744e-09
5.832604987734841992e-09
1.484885038997509815e-05
7.820646742254471006e-07
1.869240395303786492e-07
5.832598533424174289e-09
1.152698447503547366e-08
5.832598533424174289e-09
5.832592171988413531e-09
5.832592171988413531e-09
2.291788661863545348e-08
1.152698447503547366e-08
3.810906167348629592e-07
4.584477324699677446e-08
9.227876363034152691e-08
9.227876363034152691e-08
4.584461650976395036e-08
1.869234189198038439e-07
1.869236227916478902e-07
7.820620004494577099e-07
2.291798882410770271e-08
5.832598533424174289e-09
9.227866151545557687e-08
2.291791161449650444e-08
2.291805224648522496e-08
2.291805224648522496e-08
2.291796270906259096e-08
1.615696011823171054e-06
1.869240395303786492e-07
2.291793697528904485e-08
4.584472022718145739e-08
3.810893328587525401e-07
9.227866151545557687e-08
9.227866151545557687e-08
1.869238296399549664e-07
3.360768642976413883e-06
1.615700791881136458e-06
1.615700791881136458e-06
7.039329546364267277e-06
1.484886761825921526e-05
6.752753784550500965e-05
6.752753784550500965e-05
6.752753784550500965e-05
1.484888511366992252e-05
7.820637697618910649e-07
7.820665242677455312e-07
9.227897239890940517e-08
9.227897239890940517e-08
7.039329546364267277e-06
1.615700791881136458e-06
3.360768642976413883e-06
7.820628786003552616e-07
1.615700791881136458e-06
1.615700791881136458e-06
3.360768642976413883e-06
7.039321157702524971e-06
1.615698923311316219e-06
9.227886724703567273e-08
3.810901824821684279e-07
1.615700791881136458e-06
1.615695268013193421e-06
1.615698923311316219e-06
4.584484709613037677e-08
3.360772647958057007e-06
9.227897239890940517e-08
3.360768642976413883e-06
7.039304753237739568e-06
7.039304753237739568e-06
3.154950720691835074e-05
1.456218840613350909e-04
1.456220556376960115e-04
1.615697082222661296e-06
1.519837576226004554e-09
1.615700791881136458e-06
2.968746651789071597e-09
3.360750795194264882e-06
5.832598533424174289e-09
1.152704245273609250e-08
3.810897545694072455e-07
9.227922776826096589e-08
1.615698923311316219e-06
1.869240395303786492e-07
4.584472022718145739e-08
1.869246881406593709e-07
1.869249108962269854e-07
1.615697082222661296e-06
1.615698923311316219e-06
7.039321157702524971e-06
3.810893328587525401e-07
7.820628786003552616e-07
1.615700791881136458e-06
3.360768642976413883e-06
1.869234189198038439e-07
7.820637697618910649e-07
1.615698923311316219e-06
1.615700791881136458e-06
3.154937683175506908e-05
3.360768642976413883e-06
7.820628786003552616e-07
7.820646742254471006e-07
7.820628786003552616e-07
1.615700791881136458e-06
1.615700791881136458e-06
1.615698923311316219e-06
7.820628786003552616e-07
7.820620004494577099e-07
3.810897545694072455e-07
3.810897545694072455e-07
7.820620004494577099e-07
1.869238296399549664e-07
1.869238296399549664e-07
1.869238296399549664e-07
3.810893328587525401e-07
1.615695268013193421e-06
4.584479580864005601e-08
1.615698923311316219e-06
3.360768642976413883e-06
7.820646742254471006e-07
3.154930305443523085e-05
7.039329546364267277e-06
7.039329546364267277e-06
1.615702688551967596e-06
1.456222298951382818e-04
3.360760811026387097e-06
3.154930305443523085e-05
7.820620004494577099e-07
1.484886761825921526e-05
1.456220556376960115e-04
1.456220556376960115e-04
1.484886761825921526e-05
3.360753207764199750e-06
6.752789736938021221e-05
7.039283774507235832e-06
3.360768642976413883e-06
3.810893328587525401e-07
1.615695268013193421e-06
7.820620004494577099e-07
1.615695268013193421e-06
3.164421396835376894e-04
7.039329546364267277e-06
7.820602820563588396e-07
3.810893328587525401e-07
7.820620004494577099e-07
7.820620004494577099e-07
7.820620004494577099e-07
3.360756981440000780e-06
9.227856086995872183e-08
3.810897545694072455e-07
1.869234189198038439e-07
3.810889172163535183e-07
3.810915048321819016e-07
3.810897545694072455e-07
1.869240395303786492e-07
1.869240395303786492e-07
1.869240395303786492e-07
1.484886761825921526e-05
1.484888511366992252e-05
7.039292068416102515e-06
7.039283774507235832e-06
9.227876363034152691e-08
4.584461650976395036e-08
9.227876363034152691e-08
1.869240395303786492e-07
9.227876363034152691e-08
5.832592171988413531e-09
2.291805224648522496e-08
1.869236227916478902e-07
9.227876363034152691e-08
9.227866151545557687e-08
2.291793697528904485e-08
9.227897239890940517e-08
5.832598533424174289e-09
4.584472022718145739e-08
4.584472022718145739e-08
5.832604987734841992e-09
1.152698447503547366e-08
1.152698447503547366e-08
2.291788661863545348e-08
1.152695914726023451e-08
2.291802660763031666e-08
1.152697171937329505e-08
7.820620004494577099e-07
1.869240395303786492e-07
4.584472022718145739e-08
4.584472022718145739e-08
4.584456577850442317e-08
3.810893328587525401e-07
7.820628786003552616e-07
1.869236227916478902e-07
7.820628786003552616e-07
1.869238296399549664e-07
2.291796270906259096e-08
5.832598533424174289e-09
2.291796270906259096e-08
2.291796270906259096e-08
1.869238296399549664e-07
9.227866151545557687e-08
1.869238296399549664e-07
3.810897545694072455e-07
1.869238296399549664e-07
7.039292068416102515e-06
7.039309048103661045e-06
1.484893926626292598e-05
3.154937683175506908e-05
1.484888511366992252e-05
7.039283774507235832e-06
3.154937683175506908e-05
3.360750795194264882e-06
6.752753784550500965e-05
4.584461650976395036e-08
3.810901824821684279e-07
1.615700791881136458e-06
7.039329546364267277e-06
1.615700791881136458e-06
3.810893328587525401e-07
3.810897545694072455e-07
7.820646742254471006e-07
7.820628786003552616e-07
9.227876363034152691e-08
7.820637697618910649e-07
7.039275607232335015e-06
1.152702955721782242e-08
4.584456577850442317e-08
4.584461650976395036e-08
2.291788661863545348e-08
1.152695914726023451e-08
2.968728434676153519e-09
9.227876363034152691e-08
9.227876363034152691e-08
7.820628786003552616e-07
1.869236227916478902e-07
1.869236227916478902e-07
5.832604987734841992e-09
2.968728434676153519e-09
2.968728434676153519e-09
1.152699741829541577e-08
1.869249108962269854e-07
9.227918744673369175e-08
1.869242525305440109e-07
1.615696011823171054e-06
1.869234785769412711e-07
3.810915048321819016e-07
1.615694108160747646e-06
3.360758776558031274e-06
7.039317740102658771e-06
1.615694108160747646e-06
3.360758776558031274e-06
9.227876363034152691e-08
9.227876363034152691e-08
3.810901824821684279e-07
1.869238296399549664e-07
9.227886724703567273e-08
9.227929741456609555e-08
1.869249108962269854e-07
7.820614390338381012e-07
1.615694108160747646e-06
7.820646742254471006e-07
1.615697945232685568e-06
9.227886724703567273e-08
9.227897239890940517e-08
3.360758776558031274e-06
3.360762861515594813e-06
7.039300491927801638e-06
7.820605316530637492e-07
4.584451577724969997e-08
4.584456577850442317e-08
9.227866151545557687e-08
9.227856086995872183e-08
4.584456577850442317e-08
2.291791161449650444e-08
1.152698447503547366e-08
7.820620004494577099e-07
9.227876363034152691e-08
9.227886724703567273e-08
9.227876363034152691e-08
4.584456577850442317e-08
4.584451577724969997e-08
4.584466798713036466e-08
7.820632963321882644e-07
3.360767011318729128e-06
1.615699909091988026e-06
7.820623604836365835e-07
7.039317740102658771e-06
1.484892093111071234e-05
1.484893926626292598e-05
3.810899300098925415e-07
3.810894809980784030e-07
3.360762861515594813e-06
3.154930305443523085e-05
7.820620004494577099e-07
1.615698923311316219e-06
3.360772647958057007e-06
9.227866151545557687e-08
9.227876363034152691e-08
7.820637697618910649e-07
4.584451577724969997e-08
4.584456577850442317e-08
4.584472022718145739e-08
4.584461650976395036e-08
1.152702955721782242e-08
1.152702955721782242e-08
9.227886724703567273e-08
1.152699741829541577e-08
1.152699741829541577e-08
1.152704245273609250e-08
1.152695914726023451e-08
3.360768642976413883e-06
1.869242525305440109e-07
1.615702688551967596e-06
1.869240395303786492e-07
1.869234189198038439e-07
1.615698923311316219e-06
2.968746651789071597e-09
1.152701684334022082e-08
5.832592171988413531e-09
1.615698923311316219e-06
2.291805224648522496e-08
2.291788661863545348e-08
2.291805224648522496e-08
3.810901824821684279e-07
9.227918744673369175e-08
1.615697082222661296e-06
1.869234189198038439e-07
1.615698923311316219e-06
1.869236227916478902e-07
2.291805224648522496e-08
9.227866151545557687e-08
1.869236227916478902e-07
7.820637697618910649e-07
7.820637697618910649e-07
2.291788661863545348e-08
9.227856086995872183e-08
1.615700791881136458e-06
7.820628786003552616e-07
1.615704613962533248e-06
1.152697171937329505e-08
4.584472022718145739e-08
4.584451577724969997e-08
4.584451577724969997e-08
1.869236227916478902e-07
1.615698923311316219e-06
1.615702688551967596e-06
9.227912453375541799e-08
3.810893328587525401e-07
1.615698923311316219e-06
3.360768642976413883e-06
1.615704613962533248e-06
7.039283774507235832e-06
3.154937683175506908e-05
7.039283774507235832e-06
3.154937683175506908e-05
1.456228309451760119e-04
3.360772647958057007e-06
3.360764697775513956e-06
9.227907912034409595e-08
3.154936230752278156e-05
1.152702955721782242e-08
9.227922776826096589e-08
4.584479580864005601e-08
4.584451577724969997e-08
1.615700791881136458e-06
1.869234189198038439e-07
2.291788661863545348e-08
9.227912453375541799e-08
1.615697082222661296e-06
9.227922776826096589e-08
1.869236227916478902e-07
3.810897545694072455e-07
9.227897239890940517e-08
3.810901824821684279e-07
3.154937683175506908e-05
3.810897545694072455e-07
1.615698923311316219e-06
1.869236227916478902e-07
1.615698923311316219e-06
1.456224068970205627e-04
1.484886761825921526e-05
9.227897239890940517e-08
1.615697082222661296e-06
4.051640894835882958e-10
5.832615022772817992e-09
2.968736827573059083e-09
3.154933965931410822e-05
7.820628786003552616e-07
3.810893328587525401e-07
7.820659340156805737e-07
1.615700791881136458e-06
7.039321157702524971e-06
1.484896417073151278e-05
6.752789736938021221e-05
9.227886724703567273e-08
9.227929741456609555e-08
9.227886724703567273e-08
3.810915048321819016e-07
3.360767011318729128e-06
1.615699909091988026e-06
1.869244687100582340e-07
3.360767011318729128e-06
7.820623604836365835e-07
1.869234785769412711e-07
4.584477324699677446e-08
9.227918744673369175e-08
1.615697945232685568e-06
9.227929741456609555e-08
3.810915048321819016e-07
1.869234189198038439e-07
1.869240395303786492e-07
3.810901824821684279e-07
1.869234189198038439e-07
1.869236227916478902e-07
1.152704245273609250e-08
1.152704245273609250e-08
7.820646742254471006e-07
1.869242525305440109e-07
9.227876363034152691e-08
9.227866151545557687e-08
9.227866151545557687e-08
9.227866151545557687e-08
1.869244687100582340e-07
9.227918744673369175e-08
9.227886724703567273e-08
2.291788661863545348e-08
1.152698447503547366e-08
1.869242525305440109e-07
9.227876363034152691e-08
9.227907912034409595e-08
7.820665242677455312e-07
1.869244687100582340e-07
9.227929741456609555e-08
1.152699741829541577e-08
9.227886724703567273e-08
1.869244687100582340e-07
4.584461650976395036e-08
4.584456577850442317e-08
2.291788661863545348e-08
9.227876363034152691e-08
5.832604987734841992e-09
4.584461650976395036e-08
5.832634324204109648e-09
2.291793697528904485e-08
4.584461650976395036e-08
5.832604987734841992e-09
2.968728434676153519e-09
7.820655922909869579e-07
1.152695914726023451e-08
9.227886724703567273e-08
1.484888511366992252e-05
1.484891187139660942e-05
3.360758776558031274e-06
4.584466798713036466e-08
3.810890388419368108e-07
1.519842535359911059e-09
9.227866151545557687e-08
7.820659340156805737e-07
7.820637697618910649e-07
1.869242525305440109e-07
4.584456577850442317e-08
1.615698923311316219e-06
3.810889172163535183e-07
7.820628786003552616e-07
3.810901824821684279e-07
3.810897545694072455e-07
7.820628786003552616e-07
3.360766351712582655e-06
4.584474524356562035e-08
9.227912453375541799e-08
2.291797640576108423e-08
9.227922776826096589e-08
1.615695268013193421e-06
9.227912453375541799e-08
3.810908246870375865e-07
7.820659340156805737e-07
4.584479580864005601e-08
7.820620004494577099e-07
7.820611350263761204e-07
9.227882343378965497e-08
1.152699194537199677e-08
9.227912453375541799e-08
3.360760811026387097e-06
3.810889172163535183e-07
9.227866151545557687e-08
3.810897545694072455e-07
1.615704613962533248e-06
1.484884565092446471e-05
7.820611350263761204e-07
7.820659340156805737e-07
1.869234189198038439e-07
3.360772647958057007e-06
3.360772647958057007e-06
3.810893328587525401e-07
3.810893328587525401e-07
1.869236227916478902e-07
9.227866151545557687e-08
9.227866151545557687e-08
2.291788661863545348e-08
1.615693480098709946e-06
1.615691717911589105e-06
1.484895296371503747e-05
6.752762293973964681e-05
7.039273360628547171e-06
2.968736827573059083e-09
1.152702955721782242e-08
4.584479580864005601e-08
1.152701684334022082e-08
4.584456577850442317e-08
2.291805224648522496e-08
4.584484709613037677e-08
5.832608767693099031e-09
2.291795182780268355e-08
4.584479580864005601e-08
9.227866151545557687e-08
1.152701684334022082e-08
2.291797640576108423e-08
2.968733643806437466e-09
1.615701587017814355e-06
4.584474524356562035e-08
4.584474524356562035e-08
2.291802660763031666e-08
1.869243545307064289e-07
6.752735838273613174e-05
5.832615022772817992e-09
4.584479580864005601e-08
1.152699194537199677e-08
4.584479580864005601e-08
7.820611350263761204e-07
3.810897545694072455e-07
1.615698923311316219e-06
1.869240395303786492e-07
7.820605316530637492e-07
1.869240395303786492e-07
7.039288827772445672e-06
3.154952099252033741e-05
3.810893328587525401e-07
1.869236227916478902e-07
7.039273360628547171e-06
7.820602820563588396e-07
3.404868350256857936e-03
4.584486522029553273e-08
6.752789736938021221e-05
1.484892904429199697e-05
3.154930305443523085e-05
3.360760811026387097e-06
3.360764697775513956e-06
1.615697082222661296e-06
1.869234189198038439e-07
7.039329546364267277e-06
1.456220556376960115e-04
1.615700791881136458e-06
7.039296731950940797e-06
7.820650591038516236e-07
1.615695268013193421e-06
3.164421396835376894e-04
1.615698923311316219e-06
7.820611350263761204e-07
4.584469538575096369e-08
9.227872583608034506e-08
3.810895984879411154e-07
1.869239507803844682e-07
1.152697975397241801e-08
9.227872583608034506e-08
1.615692920865559452e-06
9.227892239660450009e-08
4.584459773336056836e-08
5.832608767693099031e-09
4.584464622045965165e-08
2.968733643806437466e-09
2.291797640576108423e-08
4.584486522029553273e-08
1.869239507803844682e-07
9.227882343378965497e-08
1.869241512437155246e-07
3.810895984879411154e-07
7.820616801433076077e-07
1.615703394535552329e-06
1.615691717911589105e-06
7.820659340156805737e-07
6.752743203282853132e-05
7.820633459926395129e-07
3.810900015436889919e-07
3.810904102370149973e-07
4.584486522029553273e-08
1.869245607014160259e-07
7.820641965156944409e-07
7.820650591038516236e-07
9.227882343378965497e-08
9.227902275337405496e-08
9.227882343378965497e-08
1.484886184612078533e-05
6.752743203282853132e-05
7.820641965156944409e-07
1.152699194537199677e-08
7.039281038155789396e-06
7.039304753237739568e-06
7.039304753237739568e-06
9.227872583608034506e-08
4.584451577724969997e-08
1.152699194537199677e-08
3.164417668417459067e-04
6.752737993428148367e-05
1.484889495106357346e-05
6.930245541302307256e-04
3.154950720691835074e-05
3.360760811026387097e-06
7.820665242677455312e-07
6.752737993428148367e-05
9.227922776826096589e-08
3.810901824821684279e-07
3.360760811026387097e-06
1.456218840613350909e-04
3.810914148222315849e-07
7.039296731950940797e-06
7.039296731950940797e-06
7.640810347437365820e-03
6.930245541302307256e-04
3.164417668417459067e-04
3.154954480402919338e-05
6.752745828249599649e-05
7.039296731950940797e-06
3.164438244555279559e-04
3.154929298539010517e-05
7.640778739456162948e-03
3.164434473542448675e-04
7.039296731950940797e-06
6.930237500537981188e-04
6.752789736938021221e-05
7.039312894254549563e-06
3.360756981440000780e-06
6.930290604155241001e-04
1.529887135713475137e-03
3.164412986994919949e-04
6.752773762661463388e-05
6.930245541302307256e-04
9.227922776826096589e-08
9.227912453375541799e-08
3.810901824821684279e-07
9.227922776826096589e-08
3.810900015436889919e-07
7.820650591038516236e-07
7.039288827772445672e-06
3.360770111469141238e-06
3.360745823317550279e-06
1.456220556376960115e-04
6.752789736938021221e-05
1.529890713319324727e-03
3.810893328587525401e-07
4.955269682107620310e-01
1.456228309451760119e-04
7.640806172639133011e-03
1.615698923311316219e-06
7.820628786003552616e-07
7.039296731950940797e-06
3.154950720691835074e-05
7.039281038155789396e-06
7.039288827772445672e-06
3.154936230752278156e-05
1.615695268013193421e-06
7.039304753237739568e-06
7.039304753237739568e-06
3.154950720691835074e-05
7.039288827772445672e-06
3.360745823317550279e-06
3.360753207764199750e-06
6.930245541302307256e-04
7.039304753237739568e-06
1.484891187139660942e-05
6.752781689741403116e-05
7.039304753237739568e-06
1.529892544050625225e-03
6.752789736938021221e-05
6.752737993428148367e-05
7.039304753237739568e-06
6.752737993428148367e-05
7.039296731950940797e-06
1.456218840613350909e-04
3.154939773323265284e-05
1.484886761825921526e-05
3.154933965931410822e-05
1.615700791881136458e-06
3.360768642976413883e-06
3.810893328587525401e-07
3.810893328587525401e-07
1.869234189198038439e-07
3.154933965931410822e-05
3.164425183514548616e-04
7.820620004494577099e-07
7.820620004494577099e-07
3.810897545694072455e-07
1.869236227916478902e-07
9.227866151545557687e-08
9.227892239660450009e-08
2.968736827573059083e-09
2.291802660763031666e-08
1.152701684334022082e-08
1.615695268013193421e-06
1.869242525305440109e-07
6.752755052099384202e-05
9.227926424965308146e-08
9.227862957543276529e-08
4.584459773336056836e-08
1.869241512437155246e-07
4.584476790942883497e-08
1.152699872309855125e-08
5.832596514611680254e-09
1.519837576226004554e-09
1.519837576226004554e-09
3.810889172163535183e-07
1.529887135713475137e-03
6.752745828249599649e-05
3.164417668417459067e-04
3.360760811026387097e-06
1.484891187139660942e-05
3.164413996926178038e-04
1.615697082222661296e-06
2.968744653404013720e-09
1.152704700980301142e-08
2.968744653404013720e-09
1.519835968786069059e-09
1.152697975397241801e-08
5.832602598897067876e-09
2.109399374080036898e-10
2.109390655268351002e-10
5.832602598897067876e-09
9.227902275337405496e-08
1.869241512437155246e-07
9.227856086995872183e-08
3.360760811026387097e-06
5.832608767693099031e-09
2.291795182780268355e-08
4.584464622045965165e-08
7.825280225005983782e-10
1.519844836488809222e-09
4.584486522029553273e-08
7.039288827772445672e-06
9.227860095386694331e-08
3.154936230752278156e-05
4.584476790942883497e-08
7.039288827772445672e-06
3.164421396835376894e-04
6.752737993428148367e-05
7.039296731950940797e-06
3.164417668417459067e-04
3.360753207764199750e-06
1.484889495106357346e-05
3.164417668417459067e-04
1.529888910755326488e-03
3.164413996926178038e-04
1.615693480098709946e-06
1.484889495106357346e-05
1.615695268013193421e-06
1.615695268013193421e-06
3.164413996926178038e-04
1.529887135713475137e-03
3.154943368380800099e-05
1.456220556376960115e-04
3.360749488783613278e-06
1.484886184612078533e-05
2.968747825444520905e-09
2.109392791662563509e-10
1.869236227916478902e-07
2.291805224648522496e-08
9.227866151545557687e-08
5.832621365959009883e-09
5.832634324204109648e-09
2.968733643806437466e-09
1.869238296399549664e-07
4.051664534720353173e-10
7.825268377099956292e-10
9.227912453375541799e-08
9.227856086995872183e-08
4.584484709613037677e-08
9.227856086995872183e-08
3.810893328587525401e-07
4.584484709613037677e-08
2.291788661863545348e-08
4.584451577724969997e-08
4.584484709613037677e-08
1.152701684334022082e-08
2.968743330596594063e-09
1.152701684334022082e-08
2.291805224648522496e-08
2.968736827573059083e-09
4.584479580864005601e-08
3.810889172163535183e-07
2.968740056184990164e-09
2.291788661863545348e-08
3.810889172163535183e-07
7.039296731950940797e-06
1.484891187139660942e-05
3.810914148222315849e-07
9.227902275337405496e-08
4.584459773336056836e-08
2.968727407122821176e-09
4.584474524356562035e-08
5.832615022772817992e-09
1.152700430729347907e-08
1.152701684334022082e-08
1.152700430729347907e-08
4.584479580864005601e-08
1.869247698176673444e-07
1.104172991286276482e-10
1.519837576226004554e-09
4.584479580864005601e-08
1.152695914726023451e-08
7.825259746124919854e-10
2.968733643806437466e-09
1.615699909091988026e-06
3.360772647958057007e-06
1.615692233564075382e-06
1.615694108160747646e-06
1.615699909091988026e-06
1.615694108160747646e-06
7.039329546364267277e-06
9.227897239890940517e-08
3.360762861515594813e-06
7.820623604836365835e-07
3.810890388419368108e-07
1.152699741829541577e-08
7.820655922909869579e-07
3.810915048321819016e-07
1.615697945232685568e-06
1.484888511366992252e-05
7.039275607232335015e-06
1.484886761825921526e-05
1.869244687100582340e-07
9.227897239890940517e-08
2.291796270906259096e-08
7.820665242677455312e-07
3.360768642976413883e-06
3.154930305443523085e-05
3.810906167348629592e-07
6.752737993428148367e-05
1.615704613962533248e-06
7.820637697618910649e-07
2.291805224648522496e-08
1.615704613962533248e-06
1.615704613962533248e-06
1.615699909091988026e-06
1.615704613962533248e-06
3.154954480402919338e-05
3.154949188958937545e-05
1.456220556376960115e-04
3.154933965931410822e-05
4.584456577850442317e-08
9.227907912034409595e-08
9.227876363034152691e-08
6.752753784550500965e-05
4.584451577724969997e-08
7.820637697618910649e-07
1.869240395303786492e-07
1.615692233564075382e-06
1.615694108160747646e-06
1.615704613962533248e-06
7.039296731950940797e-06
3.164425183514548616e-04
1.456217151046673697e-04
1.484896417073151278e-05
1.456218840613350909e-04
4.584451577724969997e-08
2.968733643806437466e-09
3.360750795194264882e-06
3.360750795194264882e-06
3.360746895909078356e-06
7.820605316530637492e-07
1.615702688551967596e-06
3.360768642976413883e-06
7.039329546364267277e-06
1.456226574086676607e-04
1.869242525305440109e-07
3.360772647958057007e-06
3.810897545694072455e-07
2.291800132991447324e-08
2.968733643806437466e-09
1.152701684334022082e-08
3.154932739527077103e-05
1.152700430729347907e-08
2.968733643806437466e-09
2.968733643806437466e-09
1.152700430729347907e-08
2.968727407122821176e-09
1.869236227916478902e-07
5.832615022772817992e-09
2.291800132991447324e-08
2.968740056184990164e-09
2.291802660763031666e-08
2.291798882410770271e-08
1.869234785769412711e-07
1.484893926626292598e-05
3.360772647958057007e-06
9.227929741456609555e-08
1.869249108962269854e-07
4.584484709613037677e-08
1.152695914726023451e-08
1.519842535359911059e-09
4.584482706416807844e-08
2.291802660763031666e-08
1.152695914726023451e-08
3.810915048321819016e-07
3.810906167348629592e-07
7.039275607232335015e-06
2.291805224648522496e-08
5.832634324204109648e-09
1.456228309451760119e-04
3.154930305443523085e-05
3.154930305443523085e-05
3.810916713506561882e-07
3.360749488783613278e-06
1.152701684334022082e-08
7.825234567543308491e-10
5.832592171988413531e-09
2.291796270906259096e-08
3.810901824821684279e-07
2.291788661863545348e-08
9.227876363034152691e-08
2.291798882410770271e-08
1.484892904429199697e-05
7.039321157702524971e-06
7.039329546364267277e-06
3.360746895909078356e-06
1.869240395303786492e-07
1.484896417073151278e-05
1.152695914726023451e-08
1.615700791881136458e-06
9.227876363034152691e-08
1.869240395303786492e-07
6.930253706739042223e-04
6.752737993428148367e-05
7.820646742254471006e-07
1.869240395303786492e-07
2.291798882410770271e-08
5.832621365959009883e-09
4.584472022718145739e-08
2.968725196775476744e-09
9.227922776826096589e-08
4.584466798713036466e-08
4.584484709613037677e-08
5.832598533424174289e-09
7.820628786003552616e-07
3.810901824821684279e-07
2.968725196775476744e-09
5.832598533424174289e-09
1.519844235638120979e-09
2.291793697528904485e-08
2.291800132991447324e-08
2.968728434676153519e-09
2.291805224648522496e-08
2.968740056184990164e-09
1.152701684334022082e-08
2.968728434676153519e-09
5.832598533424174289e-09
4.584451577724969997e-08
4.584484709613037677e-08
7.825251235872589376e-10
5.832621365959009883e-09
4.584456577850442317e-08
5.832592171988413531e-09
4.584456577850442317e-08
5.832627799126692975e-09
2.968736827573059083e-09
1.869240395303786492e-07
1.869236227916478902e-07
1.869236227916478902e-07
1.869240395303786492e-07
4.584451577724969997e-08
9.227856086995872183e-08
3.810893328587525401e-07
2.291788661863545348e-08
3.810901824821684279e-07
9.227866151545557687e-08
1.869240395303786492e-07
9.227897239890940517e-08
9.227856086995872183e-08
1.152702955721782242e-08
1.152704245273609250e-08
1.869236227916478902e-07
9.227886724703567273e-08
2.291788661863545348e-08
3.154945293295153310e-05
7.039283774507235832e-06
6.752753784550500965e-05
3.360750795194264882e-06
3.154937683175506908e-05
3.154953146958270423e-05
3.154949188958937545e-05
7.039283774507235832e-06
3.154937683175506908e-05
3.360756981440000780e-06
3.360753207764199750e-06
3.164425183514548616e-04
5.832634324204109648e-09
2.968725196775476744e-09
3.073935774541033779e-11
4.051660205607616200e-10
7.825259746124919854e-10
4.051640894835882958e-10
7.825226404641615197e-10
1.634565516755674823e-11
2.109392791662563509e-10
4.051660205607616200e-10
5.810686124492308465e-11
1.519835968786069059e-09
4.051636668362409897e-10
4.051645180014784920e-10
4.692368709924020422e-12
7.825226404641615197e-10
4.051640894835882958e-10
5.832608767693099031e-09
1.519843212568669005e-09
1.519834383367618313e-09
1.104171827338209440e-10
1.634565516755674823e-11
3.073944039685247635e-11
8.736051104609015182e-12
5.810710141986630697e-11
7.825234567543308491e-10
7.825242843827373166e-10
2.968736827573059083e-09
1.519844836488809222e-09
2.968746651789071597e-09
4.051653931450957818e-10
5.810676385920434047e-11
1.104166576831676093e-10
1.104170678910634078e-10
2.109389320391429634e-10
7.825234567543308491e-10
2.532820512425110669e-12
7.825280225005983782e-10
1.519843212568669005e-09
2.968744653404013720e-09
3.073944039685247635e-11
1.104167323707640953e-10
1.519834383367618313e-09
5.810704016709998739e-11
7.825226404641615197e-10
3.073953632010988755e-11
2.109401627928453798e-10
7.825280225005983782e-10
1.104171827338209440e-10
2.968730503957093599e-09
3.073935774541033779e-11
1.104166576831676093e-10
4.051649525130997613e-10
4.051645180014784920e-10
4.692373525728494636e-12
7.825242843827373166e-10
1.634572183751762585e-11
4.692368709924020422e-12
2.968740056184990164e-09
1.104172324254324404e-10
7.820611350263761204e-07
2.291805224648522496e-08
1.152704245273609250e-08
9.227866151545557687e-08
1.519844235638120979e-09
7.825226404641615197e-10
7.825226404641615197e-10
1.152702955721782242e-08
5.832615022772817992e-09
7.825280225005983782e-10
7.825234567543308491e-10
1.152700430729347907e-08
7.825226404641615197e-10
4.051664534720353173e-10
2.968727407122821176e-09
4.051649525130997613e-10
2.291788661863545348e-08
1.152704245273609250e-08
7.825242843827373166e-10
4.051649525130997613e-10
2.968736827573059083e-09
2.968736827573059083e-09
2.968740056184990164e-09
7.825242843827373166e-10
4.051640894835882958e-10
2.968740056184990164e-09
7.825226404641615197e-10
1.152704245273609250e-08
5.832604987734841992e-09
2.968725196775476744e-09
1.152704245273609250e-08
1.152704245273609250e-08
1.519839206149307150e-09
1.152704245273609250e-08
4.584479580864005601e-08
7.825226404641615197e-10
2.968736827573059083e-09
4.051660205607616200e-10
5.832615022772817992e-09
2.968736827573059083e-09
7.825226404641615197e-10
1.152702955721782242e-08
7.825226404641615197e-10
7.825280225005983782e-10
7.825226404641615197e-10
1.519842535359911059e-09
7.825234567543308491e-10
4.584456577850442317e-08
1.152704245273609250e-08
7.820632963321882644e-07
9.227886724703567273e-08
9.227886724703567273e-08
2.291801532896058294e-08
5.832634324204109648e-09
5.832604987734841992e-09
2.291801532896058294e-08
7.825226404641615197e-10
2.291795182780268355e-08
1.519835968786069059e-09
2.968733643806437466e-09
4.584469538575096369e-08
4.584479580864005601e-08
4.584484709613037677e-08
5.832627799126692975e-09
1.634572183751762585e-11
5.810688592952353238e-11
1.634573906814367484e-11
2.968733643806437466e-09
5.832608767693099031e-09
2.968733643806437466e-09
2.968736827573059083e-09
5.832615022772817992e-09
1.519835968786069059e-09
1.519834383367618313e-09
5.832615022772817992e-09
4.584484709613037677e-08
2.968725196775476744e-09
1.152701684334022082e-08
5.832621365959009883e-09
1.519844235638120979e-09
7.825268377099956292e-10
4.051649525130997613e-10
5.832615022772817992e-09
5.832621365959009883e-09
1.152704245273609250e-08
1.519840859031081267e-09
2.968725196775476744e-09
7.825251235872589376e-10
4.051653931450957818e-10
2.291805224648522496e-08
1.152702955721782242e-08
1.152700430729347907e-08
2.291793697528904485e-08
4.584461650976395036e-08
4.584466798713036466e-08
2.968730503957093599e-09
5.832615022772817992e-09
5.832627799126692975e-09
4.051647562331401372e-10
1.152702955721782242e-08
2.291795182780268355e-08
1.152701684334022082e-08
4.584451577724969997e-08
4.584451577724969997e-08
2.968725196775476744e-09
9.227866151545557687e-08
1.869240395303786492e-07
9.227866151545557687e-08
4.584451577724969997e-08
3.810889172163535183e-07
4.584456577850442317e-08
1.869236227916478902e-07
5.832627799126692975e-09
2.291802660763031666e-08
5.832627799126692975e-09
2.291802660763031666e-08
1.152702955721782242e-08
5.832627799126692975e-09
1.152702955721782242e-08
1.152702955721782242e-08
1.152704245273609250e-08
1.152702955721782242e-08
1.519840859031081267e-09
1.152702955721782242e-08
4.584474524356562035e-08
7.825280225005983782e-10
5.832621365959009883e-09
5.832627799126692975e-09
4.584451577724969997e-08
2.291802660763031666e-08
2.291788661863545348e-08
5.832621365959009883e-09
5.832615022772817992e-09
2.291793697528904485e-08
5.832592171988413531e-09
2.291793697528904485e-08
1.152695914726023451e-08
4.584451577724969997e-08
9.227876363034152691e-08
2.968725196775476744e-09
2.968728434676153519e-09
5.832608767693099031e-09
2.291800132991447324e-08
2.291800132991447324e-08
1.869243545307064289e-07
1.152704245273609250e-08
2.291800132991447324e-08
1.152702955721782242e-08
5.832615022772817992e-09
1.869243545307064289e-07
1.152702955721782242e-08
7.825280225005983782e-10
2.968730503957093599e-09
7.825280225005983782e-10
7.825226404641615197e-10
5.832615022772817992e-09
5.832621365959009883e-09
1.615698923311316219e-06
2.968728434676153519e-09
2.968728434676153519e-09
5.832621365959009883e-09
2.968740056184990164e-09
1.484896417073151278e-05
3.810893328587525401e-07
7.820620004494577099e-07
4.584461650976395036e-08
4.051664534720353173e-10
5.832627799126692975e-09
2.968733643806437466e-09
1.152695914726023451e-08
2.968746651789071597e-09
5.832592171988413531e-09
2.109397150487045957e-10
1.519834383367618313e-09
1.519842535359911059e-09
1.152700430729347907e-08
5.832615022772817992e-09
7.820628786003552616e-07
7.825280225005983782e-10
2.109392791662563509e-10
4.051655934608323397e-10
7.825255476067517452e-10
4.051643458820458424e-10
1.152701684334022082e-08
2.109393813546994366e-10
3.154930305443523085e-05
1.456226574086676607e-04
3.164412986994919949e-04
7.640769874301568156e-03
5.832627799126692975e-09
7.820620004494577099e-07
4.051636668362409897e-10
1.634570483665124451e-11
4.584451577724969997e-08
5.810716350606802993e-11
2.291802660763031666e-08
1.152699194537199677e-08
7.820628786003552616e-07
1.615695268013193421e-06
9.227872583608034506e-08
3.360749488783613278e-06
4.051655934608323397e-10
3.073953632010988755e-11
1.104169545695232781e-10
4.584474524356562035e-08
5.832608767693099031e-09
4.051655934608323397e-10
7.825251235872589376e-10
5.810682447339793528e-11
4.051664534720353173e-10
2.109401627928453798e-10
2.109389320391429634e-10
2.291800132991447324e-08
1.869234189198038439e-07
1.869234189198038439e-07
7.820620004494577099e-07
1.869234189198038439e-07
1.615700791881136458e-06
4.584477324699677446e-08
7.820611350263761204e-07
7.820602820563588396e-07
2.109397150487045957e-10
2.291800132991447324e-08
2.968733643806437466e-09
2.968740056184990164e-09
5.810697973110116212e-11
2.109387119979795115e-10
2.109394956544223615e-10
2.968727407122821176e-09
1.104168896457751987e-10
2.968727407122821176e-09
8.736038354626360843e-12
1.634570483665124451e-11
1.634572183751762585e-11
2.968730503957093599e-09
2.109387119979795115e-10
1.152697975397241801e-08
1.152700430729347907e-08
4.051649525130997613e-10
2.968730503957093599e-09
2.968733643806437466e-09
2.968740056184990164e-09
1.519837576226004554e-09
1.519837576226004554e-09
2.968736827573059083e-09
2.968736827573059083e-09
2.968733643806437466e-09
7.825242843827373166e-10
1.152699194537199677e-08
2.968733643806437466e-09
2.109401627928453798e-10
1.104170678910634078e-10
4.051645180014784920e-10
4.584466798713036466e-08
7.039275607232335015e-06
1.456220556376960115e-04
3.164425183514548616e-04
6.752745828249599649e-05
1.484886761825921526e-05
1.484886761825921526e-05
1.152697975397241801e-08
3.164425183514548616e-04
3.073954877984158901e-11
1.104170678910634078e-10
1.634573906814367484e-11
2.291805224648522496e-08
3.855867208679204297e-14
3.855867208679204297e-14
1.373776235411080044e-12
